Area / Tank,Category,Equipment,Tag No,Parameter Key,Parameter Display Name,Unit,Proposed Normal Limit,Proposed Warning Limit,Proposed Alarm Limit,Final Normal Limit,Final Warning Limit,Final Alarm Limit,Approved By,Reviewed By User Department,Approval Date,Remarks
A Tank,Blowers,Chimney Blower-3,,blower_de_temperature,Blower DE Temperature,°C,60,75,75,,,,,,,
A Tank,Blowers,Chimney Blower-3,,blower_drive_end_axial,Blower Drive End Axial Vibration,mm/s,6,10,10,,,,,,,
A Tank,Blowers,Chimney Blower-3,,blower_drive_end_horizontal,Blower Drive End Horizontal Vibration,mm/s,6,10,10,,,,,,,
A Tank,Blowers,Chimney Blower-3,,blower_drive_end_vertical,Blower Drive End Vertical Vibration,mm/s,6,10,10,,,,,,,
A Tank,Blowers,Chimney Blower-3,,blower_nde_temperature,Blower NDE Temperature,°C,60,75,75,,,,,,,
A Tank,Blowers,Chimney Blower-3,,blower_non_drive_end_axial,Blower Non Drive End Axial Vibration,mm/s,6,10,10,,,,,,,
A Tank,Blowers,Chimney Blower-3,,blower_non_drive_end_horizontal,Blower Non Drive End Horizontal Vibration,mm/s,6,10,10,,,,,,,
A Tank,Blowers,Chimney Blower-3,,blower_non_drive_end_vertical,Blower Non Drive End Vertical Vibration,mm/s,6,10,10,,,,,,,
A Tank,Blowers,Chimney Blower-3,,motor_de_temperature,Motor DE Temperature,°C,60,75,75,,,,,,,
A Tank,Blowers,Chimney Blower-3,,motor_drive_end_axial,Motor Drive End Axial Vibration,mm/s,6,10,10,,,,,,,
A Tank,Blowers,Chimney Blower-3,,motor_drive_end_horizontal,Motor Drive End Horizontal Vibration,mm/s,6,10,10,,,,,,,
A Tank,Blowers,Chimney Blower-3,,motor_drive_end_vertical,Motor Drive End Vertical Vibration,mm/s,6,10,10,,,,,,,
A Tank,Blowers,Chimney Blower-3,,motor_nde_temperature,Motor NDE Temperature,°C,60,75,75,,,,,,,
A Tank,Blowers,Chimney Blower-3,,motor_non_drive_end_axial,Motor Non Drive End Axial Vibration,mm/s,6,10,10,,,,,,,
A Tank,Blowers,Chimney Blower-3,,motor_non_drive_end_horizontal,Motor Non Drive End Horizontal Vibration,mm/s,6,10,10,,,,,,,
A Tank,Blowers,Chimney Blower-3,,motor_non_drive_end_vertical,Motor Non Drive End Vertical Vibration,mm/s,6,10,10,,,,,,,
A Tank,Blowers,Chimney Blower-4,,blower_de_temperature,Blower DE Temperature,°C,60,75,75,,,,,,,
A Tank,Blowers,Chimney Blower-4,,blower_drive_end_axial,Blower Drive End Axial Vibration,mm/s,6,10,10,,,,,,,
A Tank,Blowers,Chimney Blower-4,,blower_drive_end_horizontal,Blower Drive End Horizontal Vibration,mm/s,6,10,10,,,,,,,
A Tank,Blowers,Chimney Blower-4,,blower_drive_end_vertical,Blower Drive End Vertical Vibration,mm/s,6,10,10,,,,,,,
A Tank,Blowers,Chimney Blower-4,,blower_nde_temperature,Blower NDE Temperature,°C,60,75,75,,,,,,,
A Tank,Blowers,Chimney Blower-4,,blower_non_drive_end_axial,Blower Non Drive End Axial Vibration,mm/s,6,10,10,,,,,,,
A Tank,Blowers,Chimney Blower-4,,blower_non_drive_end_horizontal,Blower Non Drive End Horizontal Vibration,mm/s,6,10,10,,,,,,,
A Tank,Blowers,Chimney Blower-4,,blower_non_drive_end_vertical,Blower Non Drive End Vertical Vibration,mm/s,6,10,10,,,,,,,
A Tank,Blowers,Chimney Blower-4,,motor_de_temperature,Motor DE Temperature,°C,60,75,75,,,,,,,
A Tank,Blowers,Chimney Blower-4,,motor_drive_end_axial,Motor Drive End Axial Vibration,mm/s,6,10,10,,,,,,,
A Tank,Blowers,Chimney Blower-4,,motor_drive_end_horizontal,Motor Drive End Horizontal Vibration,mm/s,6,10,10,,,,,,,
A Tank,Blowers,Chimney Blower-4,,motor_drive_end_vertical,Motor Drive End Vertical Vibration,mm/s,6,10,10,,,,,,,
A Tank,Blowers,Chimney Blower-4,,motor_nde_temperature,Motor NDE Temperature,°C,60,75,75,,,,,,,
A Tank,Blowers,Chimney Blower-4,,motor_non_drive_end_axial,Motor Non Drive End Axial Vibration,mm/s,6,10,10,,,,,,,
A Tank,Blowers,Chimney Blower-4,,motor_non_drive_end_horizontal,Motor Non Drive End Horizontal Vibration,mm/s,6,10,10,,,,,,,
A Tank,Blowers,Chimney Blower-4,,motor_non_drive_end_vertical,Motor Non Drive End Vertical Vibration,mm/s,6,10,10,,,,,,,
A Tank,Blowers,Cooling Blower-15,,blower_de_temperature,Blower DE Temperature,°C,60,75,75,,,,,,,
A Tank,Blowers,Cooling Blower-15,,blower_drive_end_axial,Blower Drive End Axial Vibration,mm/s,6,10,10,,,,,,,
A Tank,Blowers,Cooling Blower-15,,blower_drive_end_horizontal,Blower Drive End Horizontal Vibration,mm/s,6,10,10,,,,,,,
A Tank,Blowers,Cooling Blower-15,,blower_drive_end_vertical,Blower Drive End Vertical Vibration,mm/s,6,10,10,,,,,,,
A Tank,Blowers,Cooling Blower-15,,blower_nde_temperature,Blower NDE Temperature,°C,60,75,75,,,,,,,
A Tank,Blowers,Cooling Blower-15,,blower_non_drive_end_axial,Blower Non Drive End Axial Vibration,mm/s,6,10,10,,,,,,,
A Tank,Blowers,Cooling Blower-15,,blower_non_drive_end_horizontal,Blower Non Drive End Horizontal Vibration,mm/s,6,10,10,,,,,,,
A Tank,Blowers,Cooling Blower-15,,blower_non_drive_end_vertical,Blower Non Drive End Vertical Vibration,mm/s,6,10,10,,,,,,,
A Tank,Blowers,Cooling Blower-15,,motor_de_temperature,Motor DE Temperature,°C,60,75,75,,,,,,,
A Tank,Blowers,Cooling Blower-15,,motor_drive_end_axial,Motor Drive End Axial Vibration,mm/s,6,10,10,,,,,,,
A Tank,Blowers,Cooling Blower-15,,motor_drive_end_horizontal,Motor Drive End Horizontal Vibration,mm/s,6,10,10,,,,,,,
A Tank,Blowers,Cooling Blower-15,,motor_drive_end_vertical,Motor Drive End Vertical Vibration,mm/s,6,10,10,,,,,,,
A Tank,Blowers,Cooling Blower-15,,motor_nde_temperature,Motor NDE Temperature,°C,60,75,75,,,,,,,
A Tank,Blowers,Cooling Blower-15,,motor_non_drive_end_axial,Motor Non Drive End Axial Vibration,mm/s,6,10,10,,,,,,,
A Tank,Blowers,Cooling Blower-15,,motor_non_drive_end_horizontal,Motor Non Drive End Horizontal Vibration,mm/s,6,10,10,,,,,,,
A Tank,Blowers,Cooling Blower-15,,motor_non_drive_end_vertical,Motor Non Drive End Vertical Vibration,mm/s,6,10,10,,,,,,,
A Tank,Blowers,Cooling Blower-16,,blower_de_temperature,Blower DE Temperature,°C,60,75,75,,,,,,,
A Tank,Blowers,Cooling Blower-16,,blower_drive_end_axial,Blower Drive End Axial Vibration,mm/s,6,10,10,,,,,,,
A Tank,Blowers,Cooling Blower-16,,blower_drive_end_horizontal,Blower Drive End Horizontal Vibration,mm/s,6,10,10,,,,,,,
A Tank,Blowers,Cooling Blower-16,,blower_drive_end_vertical,Blower Drive End Vertical Vibration,mm/s,6,10,10,,,,,,,
A Tank,Blowers,Cooling Blower-16,,blower_nde_temperature,Blower NDE Temperature,°C,60,75,75,,,,,,,
A Tank,Blowers,Cooling Blower-16,,blower_non_drive_end_axial,Blower Non Drive End Axial Vibration,mm/s,6,10,10,,,,,,,
A Tank,Blowers,Cooling Blower-16,,blower_non_drive_end_horizontal,Blower Non Drive End Horizontal Vibration,mm/s,6,10,10,,,,,,,
A Tank,Blowers,Cooling Blower-16,,blower_non_drive_end_vertical,Blower Non Drive End Vertical Vibration,mm/s,6,10,10,,,,,,,
A Tank,Blowers,Cooling Blower-16,,motor_de_temperature,Motor DE Temperature,°C,60,75,75,,,,,,,
A Tank,Blowers,Cooling Blower-16,,motor_drive_end_axial,Motor Drive End Axial Vibration,mm/s,6,10,10,,,,,,,
A Tank,Blowers,Cooling Blower-16,,motor_drive_end_horizontal,Motor Drive End Horizontal Vibration,mm/s,6,10,10,,,,,,,
A Tank,Blowers,Cooling Blower-16,,motor_drive_end_vertical,Motor Drive End Vertical Vibration,mm/s,6,10,10,,,,,,,
A Tank,Blowers,Cooling Blower-16,,motor_nde_temperature,Motor NDE Temperature,°C,60,75,75,,,,,,,
A Tank,Blowers,Cooling Blower-16,,motor_non_drive_end_axial,Motor Non Drive End Axial Vibration,mm/s,6,10,10,,,,,,,
A Tank,Blowers,Cooling Blower-16,,motor_non_drive_end_horizontal,Motor Non Drive End Horizontal Vibration,mm/s,6,10,10,,,,,,,
A Tank,Blowers,Cooling Blower-16,,motor_non_drive_end_vertical,Motor Non Drive End Vertical Vibration,mm/s,6,10,10,,,,,,,
A Tank,Blowers,Gas Blower-1,,blower_de_temperature,Blower DE Temperature,°C,60,75,75,,,,,,,
A Tank,Blowers,Gas Blower-1,,blower_drive_end_axial,Blower Drive End Axial Vibration,mm/s,6,10,10,,,,,,,
A Tank,Blowers,Gas Blower-1,,blower_drive_end_horizontal,Blower Drive End Horizontal Vibration,mm/s,6,10,10,,,,,,,
A Tank,Blowers,Gas Blower-1,,blower_drive_end_vertical,Blower Drive End Vertical Vibration,mm/s,6,10,10,,,,,,,
A Tank,Blowers,Gas Blower-1,,blower_nde_temperature,Blower NDE Temperature,°C,60,75,75,,,,,,,
A Tank,Blowers,Gas Blower-1,,blower_non_drive_end_axial,Blower Non Drive End Axial Vibration,mm/s,6,10,10,,,,,,,
A Tank,Blowers,Gas Blower-1,,blower_non_drive_end_horizontal,Blower Non Drive End Horizontal Vibration,mm/s,6,10,10,,,,,,,
A Tank,Blowers,Gas Blower-1,,blower_non_drive_end_vertical,Blower Non Drive End Vertical Vibration,mm/s,6,10,10,,,,,,,
A Tank,Blowers,Gas Blower-1,,motor_de_temperature,Motor DE Temperature,°C,60,75,75,,,,,,,
A Tank,Blowers,Gas Blower-1,,motor_drive_end_axial,Motor Drive End Axial Vibration,mm/s,6,10,10,,,,,,,
A Tank,Blowers,Gas Blower-1,,motor_drive_end_horizontal,Motor Drive End Horizontal Vibration,mm/s,6,10,10,,,,,,,
A Tank,Blowers,Gas Blower-1,,motor_drive_end_vertical,Motor Drive End Vertical Vibration,mm/s,6,10,10,,,,,,,
A Tank,Blowers,Gas Blower-1,,motor_nde_temperature,Motor NDE Temperature,°C,60,75,75,,,,,,,
A Tank,Blowers,Gas Blower-1,,motor_non_drive_end_axial,Motor Non Drive End Axial Vibration,mm/s,6,10,10,,,,,,,
A Tank,Blowers,Gas Blower-1,,motor_non_drive_end_horizontal,Motor Non Drive End Horizontal Vibration,mm/s,6,10,10,,,,,,,
A Tank,Blowers,Gas Blower-1,,motor_non_drive_end_vertical,Motor Non Drive End Vertical Vibration,mm/s,6,10,10,,,,,,,
A Tank,Blowers,Gas Blower-2,,blower_de_temperature,Blower DE Temperature,°C,60,75,75,,,,,,,
A Tank,Blowers,Gas Blower-2,,blower_drive_end_axial,Blower Drive End Axial Vibration,mm/s,6,10,10,,,,,,,
A Tank,Blowers,Gas Blower-2,,blower_drive_end_horizontal,Blower Drive End Horizontal Vibration,mm/s,6,10,10,,,,,,,
A Tank,Blowers,Gas Blower-2,,blower_drive_end_vertical,Blower Drive End Vertical Vibration,mm/s,6,10,10,,,,,,,
A Tank,Blowers,Gas Blower-2,,blower_nde_temperature,Blower NDE Temperature,°C,60,75,75,,,,,,,
A Tank,Blowers,Gas Blower-2,,blower_non_drive_end_axial,Blower Non Drive End Axial Vibration,mm/s,6,10,10,,,,,,,
A Tank,Blowers,Gas Blower-2,,blower_non_drive_end_horizontal,Blower Non Drive End Horizontal Vibration,mm/s,6,10,10,,,,,,,
A Tank,Blowers,Gas Blower-2,,blower_non_drive_end_vertical,Blower Non Drive End Vertical Vibration,mm/s,6,10,10,,,,,,,
A Tank,Blowers,Gas Blower-2,,motor_de_temperature,Motor DE Temperature,°C,60,75,75,,,,,,,
A Tank,Blowers,Gas Blower-2,,motor_drive_end_axial,Motor Drive End Axial Vibration,mm/s,6,10,10,,,,,,,
A Tank,Blowers,Gas Blower-2,,motor_drive_end_horizontal,Motor Drive End Horizontal Vibration,mm/s,6,10,10,,,,,,,
A Tank,Blowers,Gas Blower-2,,motor_drive_end_vertical,Motor Drive End Vertical Vibration,mm/s,6,10,10,,,,,,,
A Tank,Blowers,Gas Blower-2,,motor_nde_temperature,Motor NDE Temperature,°C,60,75,75,,,,,,,
A Tank,Blowers,Gas Blower-2,,motor_non_drive_end_axial,Motor Non Drive End Axial Vibration,mm/s,6,10,10,,,,,,,
A Tank,Blowers,Gas Blower-2,,motor_non_drive_end_horizontal,Motor Non Drive End Horizontal Vibration,mm/s,6,10,10,,,,,,,
A Tank,Blowers,Gas Blower-2,,motor_non_drive_end_vertical,Motor Non Drive End Vertical Vibration,mm/s,6,10,10,,,,,,,
A Tank,Blowers,MCB-1,,blower_de_temperature,Blower DE Temperature,°C,60,75,75,,,,,,,
A Tank,Blowers,MCB-1,,blower_drive_end_axial,Blower Drive End Axial Vibration,mm/s,6,10,10,,,,,,,
A Tank,Blowers,MCB-1,,blower_drive_end_horizontal,Blower Drive End Horizontal Vibration,mm/s,6,10,10,,,,,,,
A Tank,Blowers,MCB-1,,blower_drive_end_vertical,Blower Drive End Vertical Vibration,mm/s,6,10,10,,,,,,,
A Tank,Blowers,MCB-1,,blower_nde_temperature,Blower NDE Temperature,°C,60,75,75,,,,,,,
A Tank,Blowers,MCB-1,,blower_non_drive_end_axial,Blower Non Drive End Axial Vibration,mm/s,6,10,10,,,,,,,
A Tank,Blowers,MCB-1,,blower_non_drive_end_horizontal,Blower Non Drive End Horizontal Vibration,mm/s,6,10,10,,,,,,,
A Tank,Blowers,MCB-1,,blower_non_drive_end_vertical,Blower Non Drive End Vertical Vibration,mm/s,6,10,10,,,,,,,
A Tank,Blowers,MCB-1,,motor_de_temperature,Motor DE Temperature,°C,60,75,75,,,,,,,
A Tank,Blowers,MCB-1,,motor_drive_end_axial,Motor Drive End Axial Vibration,mm/s,6,10,10,,,,,,,
A Tank,Blowers,MCB-1,,motor_drive_end_horizontal,Motor Drive End Horizontal Vibration,mm/s,6,10,10,,,,,,,
A Tank,Blowers,MCB-1,,motor_drive_end_vertical,Motor Drive End Vertical Vibration,mm/s,6,10,10,,,,,,,
A Tank,Blowers,MCB-1,,motor_nde_temperature,Motor NDE Temperature,°C,60,75,75,,,,,,,
A Tank,Blowers,MCB-1,,motor_non_drive_end_axial,Motor Non Drive End Axial Vibration,mm/s,6,10,10,,,,,,,
A Tank,Blowers,MCB-1,,motor_non_drive_end_horizontal,Motor Non Drive End Horizontal Vibration,mm/s,6,10,10,,,,,,,
A Tank,Blowers,MCB-1,,motor_non_drive_end_vertical,Motor Non Drive End Vertical Vibration,mm/s,6,10,10,,,,,,,
A Tank,Blowers,MCB-2,,blower_de_temperature,Blower DE Temperature,°C,60,75,75,,,,,,,
A Tank,Blowers,MCB-2,,blower_drive_end_axial,Blower Drive End Axial Vibration,mm/s,6,10,10,,,,,,,
A Tank,Blowers,MCB-2,,blower_drive_end_horizontal,Blower Drive End Horizontal Vibration,mm/s,6,10,10,,,,,,,
A Tank,Blowers,MCB-2,,blower_drive_end_vertical,Blower Drive End Vertical Vibration,mm/s,6,10,10,,,,,,,
A Tank,Blowers,MCB-2,,blower_nde_temperature,Blower NDE Temperature,°C,60,75,75,,,,,,,
A Tank,Blowers,MCB-2,,blower_non_drive_end_axial,Blower Non Drive End Axial Vibration,mm/s,6,10,10,,,,,,,
A Tank,Blowers,MCB-2,,blower_non_drive_end_horizontal,Blower Non Drive End Horizontal Vibration,mm/s,6,10,10,,,,,,,
A Tank,Blowers,MCB-2,,blower_non_drive_end_vertical,Blower Non Drive End Vertical Vibration,mm/s,6,10,10,,,,,,,
A Tank,Blowers,MCB-2,,motor_de_temperature,Motor DE Temperature,°C,60,75,75,,,,,,,
A Tank,Blowers,MCB-2,,motor_drive_end_axial,Motor Drive End Axial Vibration,mm/s,6,10,10,,,,,,,
A Tank,Blowers,MCB-2,,motor_drive_end_horizontal,Motor Drive End Horizontal Vibration,mm/s,6,10,10,,,,,,,
A Tank,Blowers,MCB-2,,motor_drive_end_vertical,Motor Drive End Vertical Vibration,mm/s,6,10,10,,,,,,,
A Tank,Blowers,MCB-2,,motor_nde_temperature,Motor NDE Temperature,°C,60,75,75,,,,,,,
A Tank,Blowers,MCB-2,,motor_non_drive_end_axial,Motor Non Drive End Axial Vibration,mm/s,6,10,10,,,,,,,
A Tank,Blowers,MCB-2,,motor_non_drive_end_horizontal,Motor Non Drive End Horizontal Vibration,mm/s,6,10,10,,,,,,,
A Tank,Blowers,MCB-2,,motor_non_drive_end_vertical,Motor Non Drive End Vertical Vibration,mm/s,6,10,10,,,,,,,
A Tank,Blowers,MCB-3,,blower_de_temperature,Blower DE Temperature,°C,60,75,75,,,,,,,
A Tank,Blowers,MCB-3,,blower_drive_end_axial,Blower Drive End Axial Vibration,mm/s,6,10,10,,,,,,,
A Tank,Blowers,MCB-3,,blower_drive_end_horizontal,Blower Drive End Horizontal Vibration,mm/s,6,10,10,,,,,,,
A Tank,Blowers,MCB-3,,blower_drive_end_vertical,Blower Drive End Vertical Vibration,mm/s,6,10,10,,,,,,,
A Tank,Blowers,MCB-3,,blower_nde_temperature,Blower NDE Temperature,°C,60,75,75,,,,,,,
A Tank,Blowers,MCB-3,,blower_non_drive_end_axial,Blower Non Drive End Axial Vibration,mm/s,6,10,10,,,,,,,
A Tank,Blowers,MCB-3,,blower_non_drive_end_horizontal,Blower Non Drive End Horizontal Vibration,mm/s,6,10,10,,,,,,,
A Tank,Blowers,MCB-3,,blower_non_drive_end_vertical,Blower Non Drive End Vertical Vibration,mm/s,6,10,10,,,,,,,
A Tank,Blowers,MCB-3,,motor_de_temperature,Motor DE Temperature,°C,60,75,75,,,,,,,
A Tank,Blowers,MCB-3,,motor_drive_end_axial,Motor Drive End Axial Vibration,mm/s,6,10,10,,,,,,,
A Tank,Blowers,MCB-3,,motor_drive_end_horizontal,Motor Drive End Horizontal Vibration,mm/s,6,10,10,,,,,,,
A Tank,Blowers,MCB-3,,motor_drive_end_vertical,Motor Drive End Vertical Vibration,mm/s,6,10,10,,,,,,,
A Tank,Blowers,MCB-3,,motor_nde_temperature,Motor NDE Temperature,°C,60,75,75,,,,,,,
A Tank,Blowers,MCB-3,,motor_non_drive_end_axial,Motor Non Drive End Axial Vibration,mm/s,6,10,10,,,,,,,
A Tank,Blowers,MCB-3,,motor_non_drive_end_horizontal,Motor Non Drive End Horizontal Vibration,mm/s,6,10,10,,,,,,,
A Tank,Blowers,MCB-3,,motor_non_drive_end_vertical,Motor Non Drive End Vertical Vibration,mm/s,6,10,10,,,,,,,
A Tank,Blowers,Tank Cooling Blower-7,,blower_de_temperature,Blower DE Temperature,°C,60,75,75,,,,,,,
A Tank,Blowers,Tank Cooling Blower-7,,blower_drive_end_axial,Blower Drive End Axial Vibration,mm/s,6,10,10,,,,,,,
A Tank,Blowers,Tank Cooling Blower-7,,blower_drive_end_horizontal,Blower Drive End Horizontal Vibration,mm/s,6,10,10,,,,,,,
A Tank,Blowers,Tank Cooling Blower-7,,blower_drive_end_vertical,Blower Drive End Vertical Vibration,mm/s,6,10,10,,,,,,,
A Tank,Blowers,Tank Cooling Blower-7,,blower_nde_temperature,Blower NDE Temperature,°C,60,75,75,,,,,,,
A Tank,Blowers,Tank Cooling Blower-7,,blower_non_drive_end_axial,Blower Non Drive End Axial Vibration,mm/s,6,10,10,,,,,,,
A Tank,Blowers,Tank Cooling Blower-7,,blower_non_drive_end_horizontal,Blower Non Drive End Horizontal Vibration,mm/s,6,10,10,,,,,,,
A Tank,Blowers,Tank Cooling Blower-7,,blower_non_drive_end_vertical,Blower Non Drive End Vertical Vibration,mm/s,6,10,10,,,,,,,
A Tank,Blowers,Tank Cooling Blower-7,,motor_de_temperature,Motor DE Temperature,°C,60,75,75,,,,,,,
A Tank,Blowers,Tank Cooling Blower-7,,motor_drive_end_axial,Motor Drive End Axial Vibration,mm/s,6,10,10,,,,,,,
A Tank,Blowers,Tank Cooling Blower-7,,motor_drive_end_horizontal,Motor Drive End Horizontal Vibration,mm/s,6,10,10,,,,,,,
A Tank,Blowers,Tank Cooling Blower-7,,motor_drive_end_vertical,Motor Drive End Vertical Vibration,mm/s,6,10,10,,,,,,,
A Tank,Blowers,Tank Cooling Blower-7,,motor_nde_temperature,Motor NDE Temperature,°C,60,75,75,,,,,,,
A Tank,Blowers,Tank Cooling Blower-7,,motor_non_drive_end_axial,Motor Non Drive End Axial Vibration,mm/s,6,10,10,,,,,,,
A Tank,Blowers,Tank Cooling Blower-7,,motor_non_drive_end_horizontal,Motor Non Drive End Horizontal Vibration,mm/s,6,10,10,,,,,,,
A Tank,Blowers,Tank Cooling Blower-7,,motor_non_drive_end_vertical,Motor Non Drive End Vertical Vibration,mm/s,6,10,10,,,,,,,
A Tank,Blowers,Tank Cooling Blower-8,,blower_de_temperature,Blower DE Temperature,°C,60,75,75,,,,,,,
A Tank,Blowers,Tank Cooling Blower-8,,blower_drive_end_axial,Blower Drive End Axial Vibration,mm/s,6,10,10,,,,,,,
A Tank,Blowers,Tank Cooling Blower-8,,blower_drive_end_horizontal,Blower Drive End Horizontal Vibration,mm/s,6,10,10,,,,,,,
A Tank,Blowers,Tank Cooling Blower-8,,blower_drive_end_vertical,Blower Drive End Vertical Vibration,mm/s,6,10,10,,,,,,,
A Tank,Blowers,Tank Cooling Blower-8,,blower_nde_temperature,Blower NDE Temperature,°C,60,75,75,,,,,,,
A Tank,Blowers,Tank Cooling Blower-8,,blower_non_drive_end_axial,Blower Non Drive End Axial Vibration,mm/s,6,10,10,,,,,,,
A Tank,Blowers,Tank Cooling Blower-8,,blower_non_drive_end_horizontal,Blower Non Drive End Horizontal Vibration,mm/s,6,10,10,,,,,,,
A Tank,Blowers,Tank Cooling Blower-8,,blower_non_drive_end_vertical,Blower Non Drive End Vertical Vibration,mm/s,6,10,10,,,,,,,
A Tank,Blowers,Tank Cooling Blower-8,,motor_de_temperature,Motor DE Temperature,°C,60,75,75,,,,,,,
A Tank,Blowers,Tank Cooling Blower-8,,motor_drive_end_axial,Motor Drive End Axial Vibration,mm/s,6,10,10,,,,,,,
A Tank,Blowers,Tank Cooling Blower-8,,motor_drive_end_horizontal,Motor Drive End Horizontal Vibration,mm/s,6,10,10,,,,,,,
A Tank,Blowers,Tank Cooling Blower-8,,motor_drive_end_vertical,Motor Drive End Vertical Vibration,mm/s,6,10,10,,,,,,,
A Tank,Blowers,Tank Cooling Blower-8,,motor_nde_temperature,Motor NDE Temperature,°C,60,75,75,,,,,,,
A Tank,Blowers,Tank Cooling Blower-8,,motor_non_drive_end_axial,Motor Non Drive End Axial Vibration,mm/s,6,10,10,,,,,,,
A Tank,Blowers,Tank Cooling Blower-8,,motor_non_drive_end_horizontal,Motor Non Drive End Horizontal Vibration,mm/s,6,10,10,,,,,,,
A Tank,Blowers,Tank Cooling Blower-8,,motor_non_drive_end_vertical,Motor Non Drive End Vertical Vibration,mm/s,6,10,10,,,,,,,
A Tank,Blowers,Throat Cool Blower-11,,blower_de_temperature,Blower DE Temperature,°C,60,75,75,,,,,,,
A Tank,Blowers,Throat Cool Blower-11,,blower_drive_end_axial,Blower Drive End Axial Vibration,mm/s,6,10,10,,,,,,,
A Tank,Blowers,Throat Cool Blower-11,,blower_drive_end_horizontal,Blower Drive End Horizontal Vibration,mm/s,6,10,10,,,,,,,
A Tank,Blowers,Throat Cool Blower-11,,blower_drive_end_vertical,Blower Drive End Vertical Vibration,mm/s,6,10,10,,,,,,,
A Tank,Blowers,Throat Cool Blower-11,,blower_nde_temperature,Blower NDE Temperature,°C,60,75,75,,,,,,,
A Tank,Blowers,Throat Cool Blower-11,,blower_non_drive_end_axial,Blower Non Drive End Axial Vibration,mm/s,6,10,10,,,,,,,
A Tank,Blowers,Throat Cool Blower-11,,blower_non_drive_end_horizontal,Blower Non Drive End Horizontal Vibration,mm/s,6,10,10,,,,,,,
A Tank,Blowers,Throat Cool Blower-11,,blower_non_drive_end_vertical,Blower Non Drive End Vertical Vibration,mm/s,6,10,10,,,,,,,
A Tank,Blowers,Throat Cool Blower-11,,motor_de_temperature,Motor DE Temperature,°C,60,75,75,,,,,,,
A Tank,Blowers,Throat Cool Blower-11,,motor_drive_end_axial,Motor Drive End Axial Vibration,mm/s,6,10,10,,,,,,,
A Tank,Blowers,Throat Cool Blower-11,,motor_drive_end_horizontal,Motor Drive End Horizontal Vibration,mm/s,6,10,10,,,,,,,
A Tank,Blowers,Throat Cool Blower-11,,motor_drive_end_vertical,Motor Drive End Vertical Vibration,mm/s,6,10,10,,,,,,,
A Tank,Blowers,Throat Cool Blower-11,,motor_nde_temperature,Motor NDE Temperature,°C,60,75,75,,,,,,,
A Tank,Blowers,Throat Cool Blower-11,,motor_non_drive_end_axial,Motor Non Drive End Axial Vibration,mm/s,6,10,10,,,,,,,
A Tank,Blowers,Throat Cool Blower-11,,motor_non_drive_end_horizontal,Motor Non Drive End Horizontal Vibration,mm/s,6,10,10,,,,,,,
A Tank,Blowers,Throat Cool Blower-11,,motor_non_drive_end_vertical,Motor Non Drive End Vertical Vibration,mm/s,6,10,10,,,,,,,
A Tank,Blowers,Throat Cool Blower-12,,blower_de_temperature,Blower DE Temperature,°C,60,75,75,,,,,,,
A Tank,Blowers,Throat Cool Blower-12,,blower_drive_end_axial,Blower Drive End Axial Vibration,mm/s,6,10,10,,,,,,,
A Tank,Blowers,Throat Cool Blower-12,,blower_drive_end_horizontal,Blower Drive End Horizontal Vibration,mm/s,6,10,10,,,,,,,
A Tank,Blowers,Throat Cool Blower-12,,blower_drive_end_vertical,Blower Drive End Vertical Vibration,mm/s,6,10,10,,,,,,,
A Tank,Blowers,Throat Cool Blower-12,,blower_nde_temperature,Blower NDE Temperature,°C,60,75,75,,,,,,,
A Tank,Blowers,Throat Cool Blower-12,,blower_non_drive_end_axial,Blower Non Drive End Axial Vibration,mm/s,6,10,10,,,,,,,
A Tank,Blowers,Throat Cool Blower-12,,blower_non_drive_end_horizontal,Blower Non Drive End Horizontal Vibration,mm/s,6,10,10,,,,,,,
A Tank,Blowers,Throat Cool Blower-12,,blower_non_drive_end_vertical,Blower Non Drive End Vertical Vibration,mm/s,6,10,10,,,,,,,
A Tank,Blowers,Throat Cool Blower-12,,motor_de_temperature,Motor DE Temperature,°C,60,75,75,,,,,,,
A Tank,Blowers,Throat Cool Blower-12,,motor_drive_end_axial,Motor Drive End Axial Vibration,mm/s,6,10,10,,,,,,,
A Tank,Blowers,Throat Cool Blower-12,,motor_drive_end_horizontal,Motor Drive End Horizontal Vibration,mm/s,6,10,10,,,,,,,
A Tank,Blowers,Throat Cool Blower-12,,motor_drive_end_vertical,Motor Drive End Vertical Vibration,mm/s,6,10,10,,,,,,,
A Tank,Blowers,Throat Cool Blower-12,,motor_nde_temperature,Motor NDE Temperature,°C,60,75,75,,,,,,,
A Tank,Blowers,Throat Cool Blower-12,,motor_non_drive_end_axial,Motor Non Drive End Axial Vibration,mm/s,6,10,10,,,,,,,
A Tank,Blowers,Throat Cool Blower-12,,motor_non_drive_end_horizontal,Motor Non Drive End Horizontal Vibration,mm/s,6,10,10,,,,,,,
A Tank,Blowers,Throat Cool Blower-12,,motor_non_drive_end_vertical,Motor Non Drive End Vertical Vibration,mm/s,6,10,10,,,,,,,
A Tank,Cooling Tower Water Monitoring,A Tank CT,,tds,TDS,ppm,,,,,,,,,,
A Tank,Cooling Tower Water Monitoring,A Tank CT,,water_ph,pH,pH,,,,,,,,,,
A Tank,Cooling Tower Water Monitoring,A Tank CT,,water_temperature,Water Temperature,°C,,,,,,,,,,
A Tank,DM Water Batch Charger,A Tank Batch Charger,,cooling_water_temperature,Cooling Water Temperature (°C),°C,,,,,,,,,,
A Tank,DM Water Electrode Cooling,A Tank Electrode Cooling,,dm_water_temperature,DM Water Temperature (°C),°C,,,,,,,,,,
A Tank,DM Water Electrode Cooling,A Tank Electrode Cooling,,pump_pressure,Pump Pressure (KG/CM²),KG/CM²,,,,,,,,,,
A Tank,DM Water Electrode Cooling,A Tank Electrode Cooling,,tds,TDS (PPM),PPM,,,,,,,,,,
E Tank,Blowers,Block Cooling Blower-7,,blower_de_temperature,Blower DE Temperature,°C,60,75,75,,,,,,,
E Tank,Blowers,Block Cooling Blower-7,,blower_drive_end_axial,Blower Drive End Axial Vibration,mm/s,6,10,10,,,,,,,
E Tank,Blowers,Block Cooling Blower-7,,blower_drive_end_horizontal,Blower Drive End Horizontal Vibration,mm/s,6,10,10,,,,,,,
E Tank,Blowers,Block Cooling Blower-7,,blower_drive_end_vertical,Blower Drive End Vertical Vibration,mm/s,6,10,10,,,,,,,
E Tank,Blowers,Block Cooling Blower-7,,blower_nde_temperature,Blower NDE Temperature,°C,60,75,75,,,,,,,
E Tank,Blowers,Block Cooling Blower-7,,blower_non_drive_end_axial,Blower Non Drive End Axial Vibration,mm/s,6,10,10,,,,,,,
E Tank,Blowers,Block Cooling Blower-7,,blower_non_drive_end_horizontal,Blower Non Drive End Horizontal Vibration,mm/s,6,10,10,,,,,,,
E Tank,Blowers,Block Cooling Blower-7,,blower_non_drive_end_vertical,Blower Non Drive End Vertical Vibration,mm/s,6,10,10,,,,,,,
E Tank,Blowers,Block Cooling Blower-7,,motor_de_temperature,Motor DE Temperature,°C,60,75,75,,,,,,,
E Tank,Blowers,Block Cooling Blower-7,,motor_drive_end_axial,Motor Drive End Axial Vibration,mm/s,6,10,10,,,,,,,
E Tank,Blowers,Block Cooling Blower-7,,motor_drive_end_horizontal,Motor Drive End Horizontal Vibration,mm/s,6,10,10,,,,,,,
E Tank,Blowers,Block Cooling Blower-7,,motor_drive_end_vertical,Motor Drive End Vertical Vibration,mm/s,6,10,10,,,,,,,
E Tank,Blowers,Block Cooling Blower-7,,motor_nde_temperature,Motor NDE Temperature,°C,60,75,75,,,,,,,
E Tank,Blowers,Block Cooling Blower-7,,motor_non_drive_end_axial,Motor Non Drive End Axial Vibration,mm/s,6,10,10,,,,,,,
E Tank,Blowers,Block Cooling Blower-7,,motor_non_drive_end_horizontal,Motor Non Drive End Horizontal Vibration,mm/s,6,10,10,,,,,,,
E Tank,Blowers,Block Cooling Blower-7,,motor_non_drive_end_vertical,Motor Non Drive End Vertical Vibration,mm/s,6,10,10,,,,,,,
E Tank,Blowers,Block Cooling Blower-8,,blower_de_temperature,Blower DE Temperature,°C,60,75,75,,,,,,,
E Tank,Blowers,Block Cooling Blower-8,,blower_drive_end_axial,Blower Drive End Axial Vibration,mm/s,6,10,10,,,,,,,
E Tank,Blowers,Block Cooling Blower-8,,blower_drive_end_horizontal,Blower Drive End Horizontal Vibration,mm/s,6,10,10,,,,,,,
E Tank,Blowers,Block Cooling Blower-8,,blower_drive_end_vertical,Blower Drive End Vertical Vibration,mm/s,6,10,10,,,,,,,
E Tank,Blowers,Block Cooling Blower-8,,blower_nde_temperature,Blower NDE Temperature,°C,60,75,75,,,,,,,
E Tank,Blowers,Block Cooling Blower-8,,blower_non_drive_end_axial,Blower Non Drive End Axial Vibration,mm/s,6,10,10,,,,,,,
E Tank,Blowers,Block Cooling Blower-8,,blower_non_drive_end_horizontal,Blower Non Drive End Horizontal Vibration,mm/s,6,10,10,,,,,,,
E Tank,Blowers,Block Cooling Blower-8,,blower_non_drive_end_vertical,Blower Non Drive End Vertical Vibration,mm/s,6,10,10,,,,,,,
E Tank,Blowers,Block Cooling Blower-8,,motor_de_temperature,Motor DE Temperature,°C,60,75,75,,,,,,,
E Tank,Blowers,Block Cooling Blower-8,,motor_drive_end_axial,Motor Drive End Axial Vibration,mm/s,6,10,10,,,,,,,
E Tank,Blowers,Block Cooling Blower-8,,motor_drive_end_horizontal,Motor Drive End Horizontal Vibration,mm/s,6,10,10,,,,,,,
E Tank,Blowers,Block Cooling Blower-8,,motor_drive_end_vertical,Motor Drive End Vertical Vibration,mm/s,6,10,10,,,,,,,
E Tank,Blowers,Block Cooling Blower-8,,motor_nde_temperature,Motor NDE Temperature,°C,60,75,75,,,,,,,
E Tank,Blowers,Block Cooling Blower-8,,motor_non_drive_end_axial,Motor Non Drive End Axial Vibration,mm/s,6,10,10,,,,,,,
E Tank,Blowers,Block Cooling Blower-8,,motor_non_drive_end_horizontal,Motor Non Drive End Horizontal Vibration,mm/s,6,10,10,,,,,,,
E Tank,Blowers,Block Cooling Blower-8,,motor_non_drive_end_vertical,Motor Non Drive End Vertical Vibration,mm/s,6,10,10,,,,,,,
E Tank,Blowers,Chimney Blower-3,,blower_de_temperature,Blower DE Temperature,°C,60,75,75,,,,,,,
E Tank,Blowers,Chimney Blower-3,,blower_drive_end_axial,Blower Drive End Axial Vibration,mm/s,6,10,10,,,,,,,
E Tank,Blowers,Chimney Blower-3,,blower_drive_end_horizontal,Blower Drive End Horizontal Vibration,mm/s,6,10,10,,,,,,,
E Tank,Blowers,Chimney Blower-3,,blower_drive_end_vertical,Blower Drive End Vertical Vibration,mm/s,6,10,10,,,,,,,
E Tank,Blowers,Chimney Blower-3,,blower_nde_temperature,Blower NDE Temperature,°C,60,75,75,,,,,,,
E Tank,Blowers,Chimney Blower-3,,blower_non_drive_end_axial,Blower Non Drive End Axial Vibration,mm/s,6,10,10,,,,,,,
E Tank,Blowers,Chimney Blower-3,,blower_non_drive_end_horizontal,Blower Non Drive End Horizontal Vibration,mm/s,6,10,10,,,,,,,
E Tank,Blowers,Chimney Blower-3,,blower_non_drive_end_vertical,Blower Non Drive End Vertical Vibration,mm/s,6,10,10,,,,,,,
E Tank,Blowers,Chimney Blower-3,,motor_de_temperature,Motor DE Temperature,°C,60,75,75,,,,,,,
E Tank,Blowers,Chimney Blower-3,,motor_drive_end_axial,Motor Drive End Axial Vibration,mm/s,6,10,10,,,,,,,
E Tank,Blowers,Chimney Blower-3,,motor_drive_end_horizontal,Motor Drive End Horizontal Vibration,mm/s,6,10,10,,,,,,,
E Tank,Blowers,Chimney Blower-3,,motor_drive_end_vertical,Motor Drive End Vertical Vibration,mm/s,6,10,10,,,,,,,
E Tank,Blowers,Chimney Blower-3,,motor_nde_temperature,Motor NDE Temperature,°C,60,75,75,,,,,,,
E Tank,Blowers,Chimney Blower-3,,motor_non_drive_end_axial,Motor Non Drive End Axial Vibration,mm/s,6,10,10,,,,,,,
E Tank,Blowers,Chimney Blower-3,,motor_non_drive_end_horizontal,Motor Non Drive End Horizontal Vibration,mm/s,6,10,10,,,,,,,
E Tank,Blowers,Chimney Blower-3,,motor_non_drive_end_vertical,Motor Non Drive End Vertical Vibration,mm/s,6,10,10,,,,,,,
E Tank,Blowers,Chimney Blower-4,,blower_de_temperature,Blower DE Temperature,°C,60,75,75,,,,,,,
E Tank,Blowers,Chimney Blower-4,,blower_drive_end_axial,Blower Drive End Axial Vibration,mm/s,6,10,10,,,,,,,
E Tank,Blowers,Chimney Blower-4,,blower_drive_end_horizontal,Blower Drive End Horizontal Vibration,mm/s,6,10,10,,,,,,,
E Tank,Blowers,Chimney Blower-4,,blower_drive_end_vertical,Blower Drive End Vertical Vibration,mm/s,6,10,10,,,,,,,
E Tank,Blowers,Chimney Blower-4,,blower_nde_temperature,Blower NDE Temperature,°C,60,75,75,,,,,,,
E Tank,Blowers,Chimney Blower-4,,blower_non_drive_end_axial,Blower Non Drive End Axial Vibration,mm/s,6,10,10,,,,,,,
E Tank,Blowers,Chimney Blower-4,,blower_non_drive_end_horizontal,Blower Non Drive End Horizontal Vibration,mm/s,6,10,10,,,,,,,
E Tank,Blowers,Chimney Blower-4,,blower_non_drive_end_vertical,Blower Non Drive End Vertical Vibration,mm/s,6,10,10,,,,,,,
E Tank,Blowers,Chimney Blower-4,,motor_de_temperature,Motor DE Temperature,°C,60,75,75,,,,,,,
E Tank,Blowers,Chimney Blower-4,,motor_drive_end_axial,Motor Drive End Axial Vibration,mm/s,6,10,10,,,,,,,
E Tank,Blowers,Chimney Blower-4,,motor_drive_end_horizontal,Motor Drive End Horizontal Vibration,mm/s,6,10,10,,,,,,,
E Tank,Blowers,Chimney Blower-4,,motor_drive_end_vertical,Motor Drive End Vertical Vibration,mm/s,6,10,10,,,,,,,
E Tank,Blowers,Chimney Blower-4,,motor_nde_temperature,Motor NDE Temperature,°C,60,75,75,,,,,,,
E Tank,Blowers,Chimney Blower-4,,motor_non_drive_end_axial,Motor Non Drive End Axial Vibration,mm/s,6,10,10,,,,,,,
E Tank,Blowers,Chimney Blower-4,,motor_non_drive_end_horizontal,Motor Non Drive End Horizontal Vibration,mm/s,6,10,10,,,,,,,
E Tank,Blowers,Chimney Blower-4,,motor_non_drive_end_vertical,Motor Non Drive End Vertical Vibration,mm/s,6,10,10,,,,,,,
E Tank,Blowers,Gas Blower-1,,blower_de_temperature,Blower DE Temperature,°C,60,75,75,,,,,,,
E Tank,Blowers,Gas Blower-1,,blower_drive_end_axial,Blower Drive End Axial Vibration,mm/s,6,10,10,,,,,,,
E Tank,Blowers,Gas Blower-1,,blower_drive_end_horizontal,Blower Drive End Horizontal Vibration,mm/s,6,10,10,,,,,,,
E Tank,Blowers,Gas Blower-1,,blower_drive_end_vertical,Blower Drive End Vertical Vibration,mm/s,6,10,10,,,,,,,
E Tank,Blowers,Gas Blower-1,,blower_nde_temperature,Blower NDE Temperature,°C,60,75,75,,,,,,,
E Tank,Blowers,Gas Blower-1,,blower_non_drive_end_axial,Blower Non Drive End Axial Vibration,mm/s,6,10,10,,,,,,,
E Tank,Blowers,Gas Blower-1,,blower_non_drive_end_horizontal,Blower Non Drive End Horizontal Vibration,mm/s,6,10,10,,,,,,,
E Tank,Blowers,Gas Blower-1,,blower_non_drive_end_vertical,Blower Non Drive End Vertical Vibration,mm/s,6,10,10,,,,,,,
E Tank,Blowers,Gas Blower-1,,motor_de_temperature,Motor DE Temperature,°C,60,75,75,,,,,,,
E Tank,Blowers,Gas Blower-1,,motor_drive_end_axial,Motor Drive End Axial Vibration,mm/s,6,10,10,,,,,,,
E Tank,Blowers,Gas Blower-1,,motor_drive_end_horizontal,Motor Drive End Horizontal Vibration,mm/s,6,10,10,,,,,,,
E Tank,Blowers,Gas Blower-1,,motor_drive_end_vertical,Motor Drive End Vertical Vibration,mm/s,6,10,10,,,,,,,
E Tank,Blowers,Gas Blower-1,,motor_nde_temperature,Motor NDE Temperature,°C,60,75,75,,,,,,,
E Tank,Blowers,Gas Blower-1,,motor_non_drive_end_axial,Motor Non Drive End Axial Vibration,mm/s,6,10,10,,,,,,,
E Tank,Blowers,Gas Blower-1,,motor_non_drive_end_horizontal,Motor Non Drive End Horizontal Vibration,mm/s,6,10,10,,,,,,,
E Tank,Blowers,Gas Blower-1,,motor_non_drive_end_vertical,Motor Non Drive End Vertical Vibration,mm/s,6,10,10,,,,,,,
E Tank,Blowers,Gas Blower-2,,blower_de_temperature,Blower DE Temperature,°C,60,75,75,,,,,,,
E Tank,Blowers,Gas Blower-2,,blower_drive_end_axial,Blower Drive End Axial Vibration,mm/s,6,10,10,,,,,,,
E Tank,Blowers,Gas Blower-2,,blower_drive_end_horizontal,Blower Drive End Horizontal Vibration,mm/s,6,10,10,,,,,,,
E Tank,Blowers,Gas Blower-2,,blower_drive_end_vertical,Blower Drive End Vertical Vibration,mm/s,6,10,10,,,,,,,
E Tank,Blowers,Gas Blower-2,,blower_nde_temperature,Blower NDE Temperature,°C,60,75,75,,,,,,,
E Tank,Blowers,Gas Blower-2,,blower_non_drive_end_axial,Blower Non Drive End Axial Vibration,mm/s,6,10,10,,,,,,,
E Tank,Blowers,Gas Blower-2,,blower_non_drive_end_horizontal,Blower Non Drive End Horizontal Vibration,mm/s,6,10,10,,,,,,,
E Tank,Blowers,Gas Blower-2,,blower_non_drive_end_vertical,Blower Non Drive End Vertical Vibration,mm/s,6,10,10,,,,,,,
E Tank,Blowers,Gas Blower-2,,motor_de_temperature,Motor DE Temperature,°C,60,75,75,,,,,,,
E Tank,Blowers,Gas Blower-2,,motor_drive_end_axial,Motor Drive End Axial Vibration,mm/s,6,10,10,,,,,,,
E Tank,Blowers,Gas Blower-2,,motor_drive_end_horizontal,Motor Drive End Horizontal Vibration,mm/s,6,10,10,,,,,,,
E Tank,Blowers,Gas Blower-2,,motor_drive_end_vertical,Motor Drive End Vertical Vibration,mm/s,6,10,10,,,,,,,
E Tank,Blowers,Gas Blower-2,,motor_nde_temperature,Motor NDE Temperature,°C,60,75,75,,,,,,,
E Tank,Blowers,Gas Blower-2,,motor_non_drive_end_axial,Motor Non Drive End Axial Vibration,mm/s,6,10,10,,,,,,,
E Tank,Blowers,Gas Blower-2,,motor_non_drive_end_horizontal,Motor Non Drive End Horizontal Vibration,mm/s,6,10,10,,,,,,,
E Tank,Blowers,Gas Blower-2,,motor_non_drive_end_vertical,Motor Non Drive End Vertical Vibration,mm/s,6,10,10,,,,,,,
E Tank,Blowers,MCB-5,,blower_de_temperature,Blower DE Temperature,°C,60,75,75,,,,,,,
E Tank,Blowers,MCB-5,,blower_drive_end_axial,Blower Drive End Axial Vibration,mm/s,6,10,10,,,,,,,
E Tank,Blowers,MCB-5,,blower_drive_end_horizontal,Blower Drive End Horizontal Vibration,mm/s,6,10,10,,,,,,,
E Tank,Blowers,MCB-5,,blower_drive_end_vertical,Blower Drive End Vertical Vibration,mm/s,6,10,10,,,,,,,
E Tank,Blowers,MCB-5,,blower_nde_temperature,Blower NDE Temperature,°C,60,75,75,,,,,,,
E Tank,Blowers,MCB-5,,blower_non_drive_end_axial,Blower Non Drive End Axial Vibration,mm/s,6,10,10,,,,,,,
E Tank,Blowers,MCB-5,,blower_non_drive_end_horizontal,Blower Non Drive End Horizontal Vibration,mm/s,6,10,10,,,,,,,
E Tank,Blowers,MCB-5,,blower_non_drive_end_vertical,Blower Non Drive End Vertical Vibration,mm/s,6,10,10,,,,,,,
E Tank,Blowers,MCB-5,,motor_de_temperature,Motor DE Temperature,°C,60,75,75,,,,,,,
E Tank,Blowers,MCB-5,,motor_drive_end_axial,Motor Drive End Axial Vibration,mm/s,6,10,10,,,,,,,
E Tank,Blowers,MCB-5,,motor_drive_end_horizontal,Motor Drive End Horizontal Vibration,mm/s,6,10,10,,,,,,,
E Tank,Blowers,MCB-5,,motor_drive_end_vertical,Motor Drive End Vertical Vibration,mm/s,6,10,10,,,,,,,
E Tank,Blowers,MCB-5,,motor_nde_temperature,Motor NDE Temperature,°C,60,75,75,,,,,,,
E Tank,Blowers,MCB-5,,motor_non_drive_end_axial,Motor Non Drive End Axial Vibration,mm/s,6,10,10,,,,,,,
E Tank,Blowers,MCB-5,,motor_non_drive_end_horizontal,Motor Non Drive End Horizontal Vibration,mm/s,6,10,10,,,,,,,
E Tank,Blowers,MCB-5,,motor_non_drive_end_vertical,Motor Non Drive End Vertical Vibration,mm/s,6,10,10,,,,,,,
E Tank,Blowers,MCB-6,,blower_de_temperature,Blower DE Temperature,°C,60,75,75,,,,,,,
E Tank,Blowers,MCB-6,,blower_drive_end_axial,Blower Drive End Axial Vibration,mm/s,6,10,10,,,,,,,
E Tank,Blowers,MCB-6,,blower_drive_end_horizontal,Blower Drive End Horizontal Vibration,mm/s,6,10,10,,,,,,,
E Tank,Blowers,MCB-6,,blower_drive_end_vertical,Blower Drive End Vertical Vibration,mm/s,6,10,10,,,,,,,
E Tank,Blowers,MCB-6,,blower_nde_temperature,Blower NDE Temperature,°C,60,75,75,,,,,,,
E Tank,Blowers,MCB-6,,blower_non_drive_end_axial,Blower Non Drive End Axial Vibration,mm/s,6,10,10,,,,,,,
E Tank,Blowers,MCB-6,,blower_non_drive_end_horizontal,Blower Non Drive End Horizontal Vibration,mm/s,6,10,10,,,,,,,
E Tank,Blowers,MCB-6,,blower_non_drive_end_vertical,Blower Non Drive End Vertical Vibration,mm/s,6,10,10,,,,,,,
E Tank,Blowers,MCB-6,,motor_de_temperature,Motor DE Temperature,°C,60,75,75,,,,,,,
E Tank,Blowers,MCB-6,,motor_drive_end_axial,Motor Drive End Axial Vibration,mm/s,6,10,10,,,,,,,
E Tank,Blowers,MCB-6,,motor_drive_end_horizontal,Motor Drive End Horizontal Vibration,mm/s,6,10,10,,,,,,,
E Tank,Blowers,MCB-6,,motor_drive_end_vertical,Motor Drive End Vertical Vibration,mm/s,6,10,10,,,,,,,
E Tank,Blowers,MCB-6,,motor_nde_temperature,Motor NDE Temperature,°C,60,75,75,,,,,,,
E Tank,Blowers,MCB-6,,motor_non_drive_end_axial,Motor Non Drive End Axial Vibration,mm/s,6,10,10,,,,,,,
E Tank,Blowers,MCB-6,,motor_non_drive_end_horizontal,Motor Non Drive End Horizontal Vibration,mm/s,6,10,10,,,,,,,
E Tank,Blowers,MCB-6,,motor_non_drive_end_vertical,Motor Non Drive End Vertical Vibration,mm/s,6,10,10,,,,,,,
E Tank,Blowers,Tank Cool Blower-11,,blower_de_temperature,Blower DE Temperature,°C,60,75,75,,,,,,,
E Tank,Blowers,Tank Cool Blower-11,,blower_drive_end_axial,Blower Drive End Axial Vibration,mm/s,6,10,10,,,,,,,
E Tank,Blowers,Tank Cool Blower-11,,blower_drive_end_horizontal,Blower Drive End Horizontal Vibration,mm/s,6,10,10,,,,,,,
E Tank,Blowers,Tank Cool Blower-11,,blower_drive_end_vertical,Blower Drive End Vertical Vibration,mm/s,6,10,10,,,,,,,
E Tank,Blowers,Tank Cool Blower-11,,blower_nde_temperature,Blower NDE Temperature,°C,60,75,75,,,,,,,
E Tank,Blowers,Tank Cool Blower-11,,blower_non_drive_end_axial,Blower Non Drive End Axial Vibration,mm/s,6,10,10,,,,,,,
E Tank,Blowers,Tank Cool Blower-11,,blower_non_drive_end_horizontal,Blower Non Drive End Horizontal Vibration,mm/s,6,10,10,,,,,,,
E Tank,Blowers,Tank Cool Blower-11,,blower_non_drive_end_vertical,Blower Non Drive End Vertical Vibration,mm/s,6,10,10,,,,,,,
E Tank,Blowers,Tank Cool Blower-11,,motor_de_temperature,Motor DE Temperature,°C,60,75,75,,,,,,,
E Tank,Blowers,Tank Cool Blower-11,,motor_drive_end_axial,Motor Drive End Axial Vibration,mm/s,6,10,10,,,,,,,
E Tank,Blowers,Tank Cool Blower-11,,motor_drive_end_horizontal,Motor Drive End Horizontal Vibration,mm/s,6,10,10,,,,,,,
E Tank,Blowers,Tank Cool Blower-11,,motor_drive_end_vertical,Motor Drive End Vertical Vibration,mm/s,6,10,10,,,,,,,
E Tank,Blowers,Tank Cool Blower-11,,motor_nde_temperature,Motor NDE Temperature,°C,60,75,75,,,,,,,
E Tank,Blowers,Tank Cool Blower-11,,motor_non_drive_end_axial,Motor Non Drive End Axial Vibration,mm/s,6,10,10,,,,,,,
E Tank,Blowers,Tank Cool Blower-11,,motor_non_drive_end_horizontal,Motor Non Drive End Horizontal Vibration,mm/s,6,10,10,,,,,,,
E Tank,Blowers,Tank Cool Blower-11,,motor_non_drive_end_vertical,Motor Non Drive End Vertical Vibration,mm/s,6,10,10,,,,,,,
E Tank,Blowers,Tank Cool Blower-12,,blower_de_temperature,Blower DE Temperature,°C,60,75,75,,,,,,,
E Tank,Blowers,Tank Cool Blower-12,,blower_drive_end_axial,Blower Drive End Axial Vibration,mm/s,6,10,10,,,,,,,
E Tank,Blowers,Tank Cool Blower-12,,blower_drive_end_horizontal,Blower Drive End Horizontal Vibration,mm/s,6,10,10,,,,,,,
E Tank,Blowers,Tank Cool Blower-12,,blower_drive_end_vertical,Blower Drive End Vertical Vibration,mm/s,6,10,10,,,,,,,
E Tank,Blowers,Tank Cool Blower-12,,blower_nde_temperature,Blower NDE Temperature,°C,60,75,75,,,,,,,
E Tank,Blowers,Tank Cool Blower-12,,blower_non_drive_end_axial,Blower Non Drive End Axial Vibration,mm/s,6,10,10,,,,,,,
E Tank,Blowers,Tank Cool Blower-12,,blower_non_drive_end_horizontal,Blower Non Drive End Horizontal Vibration,mm/s,6,10,10,,,,,,,
E Tank,Blowers,Tank Cool Blower-12,,blower_non_drive_end_vertical,Blower Non Drive End Vertical Vibration,mm/s,6,10,10,,,,,,,
E Tank,Blowers,Tank Cool Blower-12,,motor_de_temperature,Motor DE Temperature,°C,60,75,75,,,,,,,
E Tank,Blowers,Tank Cool Blower-12,,motor_drive_end_axial,Motor Drive End Axial Vibration,mm/s,6,10,10,,,,,,,
E Tank,Blowers,Tank Cool Blower-12,,motor_drive_end_horizontal,Motor Drive End Horizontal Vibration,mm/s,6,10,10,,,,,,,
E Tank,Blowers,Tank Cool Blower-12,,motor_drive_end_vertical,Motor Drive End Vertical Vibration,mm/s,6,10,10,,,,,,,
E Tank,Blowers,Tank Cool Blower-12,,motor_nde_temperature,Motor NDE Temperature,°C,60,75,75,,,,,,,
E Tank,Blowers,Tank Cool Blower-12,,motor_non_drive_end_axial,Motor Non Drive End Axial Vibration,mm/s,6,10,10,,,,,,,
E Tank,Blowers,Tank Cool Blower-12,,motor_non_drive_end_horizontal,Motor Non Drive End Horizontal Vibration,mm/s,6,10,10,,,,,,,
E Tank,Blowers,Tank Cool Blower-12,,motor_non_drive_end_vertical,Motor Non Drive End Vertical Vibration,mm/s,6,10,10,,,,,,,
E Tank,Blowers,Working End Blower-1,,blower_de_temperature,Blower DE Temperature,°C,60,75,75,,,,,,,
E Tank,Blowers,Working End Blower-1,,blower_drive_end_axial,Blower Drive End Axial Vibration,mm/s,6,10,10,,,,,,,
E Tank,Blowers,Working End Blower-1,,blower_drive_end_horizontal,Blower Drive End Horizontal Vibration,mm/s,6,10,10,,,,,,,
E Tank,Blowers,Working End Blower-1,,blower_drive_end_vertical,Blower Drive End Vertical Vibration,mm/s,6,10,10,,,,,,,
E Tank,Blowers,Working End Blower-1,,blower_nde_temperature,Blower NDE Temperature,°C,60,75,75,,,,,,,
E Tank,Blowers,Working End Blower-1,,blower_non_drive_end_axial,Blower Non Drive End Axial Vibration,mm/s,6,10,10,,,,,,,
E Tank,Blowers,Working End Blower-1,,blower_non_drive_end_horizontal,Blower Non Drive End Horizontal Vibration,mm/s,6,10,10,,,,,,,
E Tank,Blowers,Working End Blower-1,,blower_non_drive_end_vertical,Blower Non Drive End Vertical Vibration,mm/s,6,10,10,,,,,,,
E Tank,Blowers,Working End Blower-1,,motor_de_temperature,Motor DE Temperature,°C,60,75,75,,,,,,,
E Tank,Blowers,Working End Blower-1,,motor_drive_end_axial,Motor Drive End Axial Vibration,mm/s,6,10,10,,,,,,,
E Tank,Blowers,Working End Blower-1,,motor_drive_end_horizontal,Motor Drive End Horizontal Vibration,mm/s,6,10,10,,,,,,,
E Tank,Blowers,Working End Blower-1,,motor_drive_end_vertical,Motor Drive End Vertical Vibration,mm/s,6,10,10,,,,,,,
E Tank,Blowers,Working End Blower-1,,motor_nde_temperature,Motor NDE Temperature,°C,60,75,75,,,,,,,
E Tank,Blowers,Working End Blower-1,,motor_non_drive_end_axial,Motor Non Drive End Axial Vibration,mm/s,6,10,10,,,,,,,
E Tank,Blowers,Working End Blower-1,,motor_non_drive_end_horizontal,Motor Non Drive End Horizontal Vibration,mm/s,6,10,10,,,,,,,
E Tank,Blowers,Working End Blower-1,,motor_non_drive_end_vertical,Motor Non Drive End Vertical Vibration,mm/s,6,10,10,,,,,,,
E Tank,Blowers,Working End Blower-2,,blower_de_temperature,Blower DE Temperature,°C,60,75,75,,,,,,,
E Tank,Blowers,Working End Blower-2,,blower_drive_end_axial,Blower Drive End Axial Vibration,mm/s,6,10,10,,,,,,,
E Tank,Blowers,Working End Blower-2,,blower_drive_end_horizontal,Blower Drive End Horizontal Vibration,mm/s,6,10,10,,,,,,,
E Tank,Blowers,Working End Blower-2,,blower_drive_end_vertical,Blower Drive End Vertical Vibration,mm/s,6,10,10,,,,,,,
E Tank,Blowers,Working End Blower-2,,blower_nde_temperature,Blower NDE Temperature,°C,60,75,75,,,,,,,
E Tank,Blowers,Working End Blower-2,,blower_non_drive_end_axial,Blower Non Drive End Axial Vibration,mm/s,6,10,10,,,,,,,
E Tank,Blowers,Working End Blower-2,,blower_non_drive_end_horizontal,Blower Non Drive End Horizontal Vibration,mm/s,6,10,10,,,,,,,
E Tank,Blowers,Working End Blower-2,,blower_non_drive_end_vertical,Blower Non Drive End Vertical Vibration,mm/s,6,10,10,,,,,,,
E Tank,Blowers,Working End Blower-2,,motor_de_temperature,Motor DE Temperature,°C,60,75,75,,,,,,,
E Tank,Blowers,Working End Blower-2,,motor_drive_end_axial,Motor Drive End Axial Vibration,mm/s,6,10,10,,,,,,,
E Tank,Blowers,Working End Blower-2,,motor_drive_end_horizontal,Motor Drive End Horizontal Vibration,mm/s,6,10,10,,,,,,,
E Tank,Blowers,Working End Blower-2,,motor_drive_end_vertical,Motor Drive End Vertical Vibration,mm/s,6,10,10,,,,,,,
E Tank,Blowers,Working End Blower-2,,motor_nde_temperature,Motor NDE Temperature,°C,60,75,75,,,,,,,
E Tank,Blowers,Working End Blower-2,,motor_non_drive_end_axial,Motor Non Drive End Axial Vibration,mm/s,6,10,10,,,,,,,
E Tank,Blowers,Working End Blower-2,,motor_non_drive_end_horizontal,Motor Non Drive End Horizontal Vibration,mm/s,6,10,10,,,,,,,
E Tank,Blowers,Working End Blower-2,,motor_non_drive_end_vertical,Motor Non Drive End Vertical Vibration,mm/s,6,10,10,,,,,,,
E Tank,DM Water Electrode Cooling,E Tank Electrode Cooling,,dm_water_temperature,DM Water Temperature (°C),°C,,,,,,,,,,
E Tank,DM Water Electrode Cooling,E Tank Electrode Cooling,,pump_pressure,Pump Pressure (KG/CM²),KG/CM²,,,,,,,,,,
E Tank,DM Water Electrode Cooling,E Tank Electrode Cooling,,tds,TDS (PPM),PPM,,,,,,,,,,
G Tank,Blowers,Block Cooling Blower-1,,blower_de_temperature,Blower DE Temperature,°C,60,75,75,,,,,,,
G Tank,Blowers,Block Cooling Blower-1,,blower_drive_end_axial,Blower Drive End Axial Vibration,mm/s,6,10,10,,,,,,,
G Tank,Blowers,Block Cooling Blower-1,,blower_drive_end_horizontal,Blower Drive End Horizontal Vibration,mm/s,6,10,10,,,,,,,
G Tank,Blowers,Block Cooling Blower-1,,blower_drive_end_vertical,Blower Drive End Vertical Vibration,mm/s,6,10,10,,,,,,,
G Tank,Blowers,Block Cooling Blower-1,,blower_nde_temperature,Blower NDE Temperature,°C,60,75,75,,,,,,,
G Tank,Blowers,Block Cooling Blower-1,,blower_non_drive_end_axial,Blower Non Drive End Axial Vibration,mm/s,6,10,10,,,,,,,
G Tank,Blowers,Block Cooling Blower-1,,blower_non_drive_end_horizontal,Blower Non Drive End Horizontal Vibration,mm/s,6,10,10,,,,,,,
G Tank,Blowers,Block Cooling Blower-1,,blower_non_drive_end_vertical,Blower Non Drive End Vertical Vibration,mm/s,6,10,10,,,,,,,
G Tank,Blowers,Block Cooling Blower-1,,motor_de_temperature,Motor DE Temperature,°C,60,75,75,,,,,,,
G Tank,Blowers,Block Cooling Blower-1,,motor_drive_end_axial,Motor Drive End Axial Vibration,mm/s,6,10,10,,,,,,,
G Tank,Blowers,Block Cooling Blower-1,,motor_drive_end_horizontal,Motor Drive End Horizontal Vibration,mm/s,6,10,10,,,,,,,
G Tank,Blowers,Block Cooling Blower-1,,motor_drive_end_vertical,Motor Drive End Vertical Vibration,mm/s,6,10,10,,,,,,,
G Tank,Blowers,Block Cooling Blower-1,,motor_nde_temperature,Motor NDE Temperature,°C,60,75,75,,,,,,,
G Tank,Blowers,Block Cooling Blower-1,,motor_non_drive_end_axial,Motor Non Drive End Axial Vibration,mm/s,6,10,10,,,,,,,
G Tank,Blowers,Block Cooling Blower-1,,motor_non_drive_end_horizontal,Motor Non Drive End Horizontal Vibration,mm/s,6,10,10,,,,,,,
G Tank,Blowers,Block Cooling Blower-1,,motor_non_drive_end_vertical,Motor Non Drive End Vertical Vibration,mm/s,6,10,10,,,,,,,
G Tank,Blowers,Block Cooling Blower-2,,blower_de_temperature,Blower DE Temperature,°C,60,75,75,,,,,,,
G Tank,Blowers,Block Cooling Blower-2,,blower_drive_end_axial,Blower Drive End Axial Vibration,mm/s,6,10,10,,,,,,,
G Tank,Blowers,Block Cooling Blower-2,,blower_drive_end_horizontal,Blower Drive End Horizontal Vibration,mm/s,6,10,10,,,,,,,
G Tank,Blowers,Block Cooling Blower-2,,blower_drive_end_vertical,Blower Drive End Vertical Vibration,mm/s,6,10,10,,,,,,,
G Tank,Blowers,Block Cooling Blower-2,,blower_nde_temperature,Blower NDE Temperature,°C,60,75,75,,,,,,,
G Tank,Blowers,Block Cooling Blower-2,,blower_non_drive_end_axial,Blower Non Drive End Axial Vibration,mm/s,6,10,10,,,,,,,
G Tank,Blowers,Block Cooling Blower-2,,blower_non_drive_end_horizontal,Blower Non Drive End Horizontal Vibration,mm/s,6,10,10,,,,,,,
G Tank,Blowers,Block Cooling Blower-2,,blower_non_drive_end_vertical,Blower Non Drive End Vertical Vibration,mm/s,6,10,10,,,,,,,
G Tank,Blowers,Block Cooling Blower-2,,motor_de_temperature,Motor DE Temperature,°C,60,75,75,,,,,,,
G Tank,Blowers,Block Cooling Blower-2,,motor_drive_end_axial,Motor Drive End Axial Vibration,mm/s,6,10,10,,,,,,,
G Tank,Blowers,Block Cooling Blower-2,,motor_drive_end_horizontal,Motor Drive End Horizontal Vibration,mm/s,6,10,10,,,,,,,
G Tank,Blowers,Block Cooling Blower-2,,motor_drive_end_vertical,Motor Drive End Vertical Vibration,mm/s,6,10,10,,,,,,,
G Tank,Blowers,Block Cooling Blower-2,,motor_nde_temperature,Motor NDE Temperature,°C,60,75,75,,,,,,,
G Tank,Blowers,Block Cooling Blower-2,,motor_non_drive_end_axial,Motor Non Drive End Axial Vibration,mm/s,6,10,10,,,,,,,
G Tank,Blowers,Block Cooling Blower-2,,motor_non_drive_end_horizontal,Motor Non Drive End Horizontal Vibration,mm/s,6,10,10,,,,,,,
G Tank,Blowers,Block Cooling Blower-2,,motor_non_drive_end_vertical,Motor Non Drive End Vertical Vibration,mm/s,6,10,10,,,,,,,
G Tank,Blowers,Chimney Blower (15 kW)-1,,blower_de_temperature,Blower DE Temperature,°C,60,75,75,,,,,,,
G Tank,Blowers,Chimney Blower (15 kW)-1,,blower_drive_end_axial,Blower Drive End Axial Vibration,mm/s,6,10,10,,,,,,,
G Tank,Blowers,Chimney Blower (15 kW)-1,,blower_drive_end_horizontal,Blower Drive End Horizontal Vibration,mm/s,6,10,10,,,,,,,
G Tank,Blowers,Chimney Blower (15 kW)-1,,blower_drive_end_vertical,Blower Drive End Vertical Vibration,mm/s,6,10,10,,,,,,,
G Tank,Blowers,Chimney Blower (15 kW)-1,,blower_nde_temperature,Blower NDE Temperature,°C,60,75,75,,,,,,,
G Tank,Blowers,Chimney Blower (15 kW)-1,,blower_non_drive_end_axial,Blower Non Drive End Axial Vibration,mm/s,6,10,10,,,,,,,
G Tank,Blowers,Chimney Blower (15 kW)-1,,blower_non_drive_end_horizontal,Blower Non Drive End Horizontal Vibration,mm/s,6,10,10,,,,,,,
G Tank,Blowers,Chimney Blower (15 kW)-1,,blower_non_drive_end_vertical,Blower Non Drive End Vertical Vibration,mm/s,6,10,10,,,,,,,
G Tank,Blowers,Chimney Blower (15 kW)-1,,motor_de_temperature,Motor DE Temperature,°C,60,75,75,,,,,,,
G Tank,Blowers,Chimney Blower (15 kW)-1,,motor_drive_end_axial,Motor Drive End Axial Vibration,mm/s,6,10,10,,,,,,,
G Tank,Blowers,Chimney Blower (15 kW)-1,,motor_drive_end_horizontal,Motor Drive End Horizontal Vibration,mm/s,6,10,10,,,,,,,
G Tank,Blowers,Chimney Blower (15 kW)-1,,motor_drive_end_vertical,Motor Drive End Vertical Vibration,mm/s,6,10,10,,,,,,,
G Tank,Blowers,Chimney Blower (15 kW)-1,,motor_nde_temperature,Motor NDE Temperature,°C,60,75,75,,,,,,,
G Tank,Blowers,Chimney Blower (15 kW)-1,,motor_non_drive_end_axial,Motor Non Drive End Axial Vibration,mm/s,6,10,10,,,,,,,
G Tank,Blowers,Chimney Blower (15 kW)-1,,motor_non_drive_end_horizontal,Motor Non Drive End Horizontal Vibration,mm/s,6,10,10,,,,,,,
G Tank,Blowers,Chimney Blower (15 kW)-1,,motor_non_drive_end_vertical,Motor Non Drive End Vertical Vibration,mm/s,6,10,10,,,,,,,
G Tank,Blowers,Chimney Blower (15 kW)-2,,blower_de_temperature,Blower DE Temperature,°C,60,75,75,,,,,,,
G Tank,Blowers,Chimney Blower (15 kW)-2,,blower_drive_end_axial,Blower Drive End Axial Vibration,mm/s,6,10,10,,,,,,,
G Tank,Blowers,Chimney Blower (15 kW)-2,,blower_drive_end_horizontal,Blower Drive End Horizontal Vibration,mm/s,6,10,10,,,,,,,
G Tank,Blowers,Chimney Blower (15 kW)-2,,blower_drive_end_vertical,Blower Drive End Vertical Vibration,mm/s,6,10,10,,,,,,,
G Tank,Blowers,Chimney Blower (15 kW)-2,,blower_nde_temperature,Blower NDE Temperature,°C,60,75,75,,,,,,,
G Tank,Blowers,Chimney Blower (15 kW)-2,,blower_non_drive_end_axial,Blower Non Drive End Axial Vibration,mm/s,6,10,10,,,,,,,
G Tank,Blowers,Chimney Blower (15 kW)-2,,blower_non_drive_end_horizontal,Blower Non Drive End Horizontal Vibration,mm/s,6,10,10,,,,,,,
G Tank,Blowers,Chimney Blower (15 kW)-2,,blower_non_drive_end_vertical,Blower Non Drive End Vertical Vibration,mm/s,6,10,10,,,,,,,
G Tank,Blowers,Chimney Blower (15 kW)-2,,motor_de_temperature,Motor DE Temperature,°C,60,75,75,,,,,,,
G Tank,Blowers,Chimney Blower (15 kW)-2,,motor_drive_end_axial,Motor Drive End Axial Vibration,mm/s,6,10,10,,,,,,,
G Tank,Blowers,Chimney Blower (15 kW)-2,,motor_drive_end_horizontal,Motor Drive End Horizontal Vibration,mm/s,6,10,10,,,,,,,
G Tank,Blowers,Chimney Blower (15 kW)-2,,motor_drive_end_vertical,Motor Drive End Vertical Vibration,mm/s,6,10,10,,,,,,,
G Tank,Blowers,Chimney Blower (15 kW)-2,,motor_nde_temperature,Motor NDE Temperature,°C,60,75,75,,,,,,,
G Tank,Blowers,Chimney Blower (15 kW)-2,,motor_non_drive_end_axial,Motor Non Drive End Axial Vibration,mm/s,6,10,10,,,,,,,
G Tank,Blowers,Chimney Blower (15 kW)-2,,motor_non_drive_end_horizontal,Motor Non Drive End Horizontal Vibration,mm/s,6,10,10,,,,,,,
G Tank,Blowers,Chimney Blower (15 kW)-2,,motor_non_drive_end_vertical,Motor Non Drive End Vertical Vibration,mm/s,6,10,10,,,,,,,
G Tank,Blowers,Chimney Blower (15 kW)-3,,blower_de_temperature,Blower DE Temperature,°C,60,75,75,,,,,,,
G Tank,Blowers,Chimney Blower (15 kW)-3,,blower_drive_end_axial,Blower Drive End Axial Vibration,mm/s,6,10,10,,,,,,,
G Tank,Blowers,Chimney Blower (15 kW)-3,,blower_drive_end_horizontal,Blower Drive End Horizontal Vibration,mm/s,6,10,10,,,,,,,
G Tank,Blowers,Chimney Blower (15 kW)-3,,blower_drive_end_vertical,Blower Drive End Vertical Vibration,mm/s,6,10,10,,,,,,,
G Tank,Blowers,Chimney Blower (15 kW)-3,,blower_nde_temperature,Blower NDE Temperature,°C,60,75,75,,,,,,,
G Tank,Blowers,Chimney Blower (15 kW)-3,,blower_non_drive_end_axial,Blower Non Drive End Axial Vibration,mm/s,6,10,10,,,,,,,
G Tank,Blowers,Chimney Blower (15 kW)-3,,blower_non_drive_end_horizontal,Blower Non Drive End Horizontal Vibration,mm/s,6,10,10,,,,,,,
G Tank,Blowers,Chimney Blower (15 kW)-3,,blower_non_drive_end_vertical,Blower Non Drive End Vertical Vibration,mm/s,6,10,10,,,,,,,
G Tank,Blowers,Chimney Blower (15 kW)-3,,motor_de_temperature,Motor DE Temperature,°C,60,75,75,,,,,,,
G Tank,Blowers,Chimney Blower (15 kW)-3,,motor_drive_end_axial,Motor Drive End Axial Vibration,mm/s,6,10,10,,,,,,,
G Tank,Blowers,Chimney Blower (15 kW)-3,,motor_drive_end_horizontal,Motor Drive End Horizontal Vibration,mm/s,6,10,10,,,,,,,
G Tank,Blowers,Chimney Blower (15 kW)-3,,motor_drive_end_vertical,Motor Drive End Vertical Vibration,mm/s,6,10,10,,,,,,,
G Tank,Blowers,Chimney Blower (15 kW)-3,,motor_nde_temperature,Motor NDE Temperature,°C,60,75,75,,,,,,,
G Tank,Blowers,Chimney Blower (15 kW)-3,,motor_non_drive_end_axial,Motor Non Drive End Axial Vibration,mm/s,6,10,10,,,,,,,
G Tank,Blowers,Chimney Blower (15 kW)-3,,motor_non_drive_end_horizontal,Motor Non Drive End Horizontal Vibration,mm/s,6,10,10,,,,,,,
G Tank,Blowers,Chimney Blower (15 kW)-3,,motor_non_drive_end_vertical,Motor Non Drive End Vertical Vibration,mm/s,6,10,10,,,,,,,
G Tank,Blowers,Chimney Blower (7.5 kW)-1,,blower_de_temperature,Blower DE Temperature,°C,60,75,75,,,,,,,
G Tank,Blowers,Chimney Blower (7.5 kW)-1,,blower_drive_end_axial,Blower Drive End Axial Vibration,mm/s,6,10,10,,,,,,,
G Tank,Blowers,Chimney Blower (7.5 kW)-1,,blower_drive_end_horizontal,Blower Drive End Horizontal Vibration,mm/s,6,10,10,,,,,,,
G Tank,Blowers,Chimney Blower (7.5 kW)-1,,blower_drive_end_vertical,Blower Drive End Vertical Vibration,mm/s,6,10,10,,,,,,,
G Tank,Blowers,Chimney Blower (7.5 kW)-1,,blower_nde_temperature,Blower NDE Temperature,°C,60,75,75,,,,,,,
G Tank,Blowers,Chimney Blower (7.5 kW)-1,,blower_non_drive_end_axial,Blower Non Drive End Axial Vibration,mm/s,6,10,10,,,,,,,
G Tank,Blowers,Chimney Blower (7.5 kW)-1,,blower_non_drive_end_horizontal,Blower Non Drive End Horizontal Vibration,mm/s,6,10,10,,,,,,,
G Tank,Blowers,Chimney Blower (7.5 kW)-1,,blower_non_drive_end_vertical,Blower Non Drive End Vertical Vibration,mm/s,6,10,10,,,,,,,
G Tank,Blowers,Chimney Blower (7.5 kW)-1,,motor_de_temperature,Motor DE Temperature,°C,60,75,75,,,,,,,
G Tank,Blowers,Chimney Blower (7.5 kW)-1,,motor_drive_end_axial,Motor Drive End Axial Vibration,mm/s,6,10,10,,,,,,,
G Tank,Blowers,Chimney Blower (7.5 kW)-1,,motor_drive_end_horizontal,Motor Drive End Horizontal Vibration,mm/s,6,10,10,,,,,,,
G Tank,Blowers,Chimney Blower (7.5 kW)-1,,motor_drive_end_vertical,Motor Drive End Vertical Vibration,mm/s,6,10,10,,,,,,,
G Tank,Blowers,Chimney Blower (7.5 kW)-1,,motor_nde_temperature,Motor NDE Temperature,°C,60,75,75,,,,,,,
G Tank,Blowers,Chimney Blower (7.5 kW)-1,,motor_non_drive_end_axial,Motor Non Drive End Axial Vibration,mm/s,6,10,10,,,,,,,
G Tank,Blowers,Chimney Blower (7.5 kW)-1,,motor_non_drive_end_horizontal,Motor Non Drive End Horizontal Vibration,mm/s,6,10,10,,,,,,,
G Tank,Blowers,Chimney Blower (7.5 kW)-1,,motor_non_drive_end_vertical,Motor Non Drive End Vertical Vibration,mm/s,6,10,10,,,,,,,
G Tank,Blowers,Chimney Blower (7.5 kW)-2,,blower_de_temperature,Blower DE Temperature,°C,60,75,75,,,,,,,
G Tank,Blowers,Chimney Blower (7.5 kW)-2,,blower_drive_end_axial,Blower Drive End Axial Vibration,mm/s,6,10,10,,,,,,,
G Tank,Blowers,Chimney Blower (7.5 kW)-2,,blower_drive_end_horizontal,Blower Drive End Horizontal Vibration,mm/s,6,10,10,,,,,,,
G Tank,Blowers,Chimney Blower (7.5 kW)-2,,blower_drive_end_vertical,Blower Drive End Vertical Vibration,mm/s,6,10,10,,,,,,,
G Tank,Blowers,Chimney Blower (7.5 kW)-2,,blower_nde_temperature,Blower NDE Temperature,°C,60,75,75,,,,,,,
G Tank,Blowers,Chimney Blower (7.5 kW)-2,,blower_non_drive_end_axial,Blower Non Drive End Axial Vibration,mm/s,6,10,10,,,,,,,
G Tank,Blowers,Chimney Blower (7.5 kW)-2,,blower_non_drive_end_horizontal,Blower Non Drive End Horizontal Vibration,mm/s,6,10,10,,,,,,,
G Tank,Blowers,Chimney Blower (7.5 kW)-2,,blower_non_drive_end_vertical,Blower Non Drive End Vertical Vibration,mm/s,6,10,10,,,,,,,
G Tank,Blowers,Chimney Blower (7.5 kW)-2,,motor_de_temperature,Motor DE Temperature,°C,60,75,75,,,,,,,
G Tank,Blowers,Chimney Blower (7.5 kW)-2,,motor_drive_end_axial,Motor Drive End Axial Vibration,mm/s,6,10,10,,,,,,,
G Tank,Blowers,Chimney Blower (7.5 kW)-2,,motor_drive_end_horizontal,Motor Drive End Horizontal Vibration,mm/s,6,10,10,,,,,,,
G Tank,Blowers,Chimney Blower (7.5 kW)-2,,motor_drive_end_vertical,Motor Drive End Vertical Vibration,mm/s,6,10,10,,,,,,,
G Tank,Blowers,Chimney Blower (7.5 kW)-2,,motor_nde_temperature,Motor NDE Temperature,°C,60,75,75,,,,,,,
G Tank,Blowers,Chimney Blower (7.5 kW)-2,,motor_non_drive_end_axial,Motor Non Drive End Axial Vibration,mm/s,6,10,10,,,,,,,
G Tank,Blowers,Chimney Blower (7.5 kW)-2,,motor_non_drive_end_horizontal,Motor Non Drive End Horizontal Vibration,mm/s,6,10,10,,,,,,,
G Tank,Blowers,Chimney Blower (7.5 kW)-2,,motor_non_drive_end_vertical,Motor Non Drive End Vertical Vibration,mm/s,6,10,10,,,,,,,
G Tank,Blowers,Chimney Blower (7.5 kW)-3,,blower_de_temperature,Blower DE Temperature,°C,60,75,75,,,,,,,
G Tank,Blowers,Chimney Blower (7.5 kW)-3,,blower_drive_end_axial,Blower Drive End Axial Vibration,mm/s,6,10,10,,,,,,,
G Tank,Blowers,Chimney Blower (7.5 kW)-3,,blower_drive_end_horizontal,Blower Drive End Horizontal Vibration,mm/s,6,10,10,,,,,,,
G Tank,Blowers,Chimney Blower (7.5 kW)-3,,blower_drive_end_vertical,Blower Drive End Vertical Vibration,mm/s,6,10,10,,,,,,,
G Tank,Blowers,Chimney Blower (7.5 kW)-3,,blower_nde_temperature,Blower NDE Temperature,°C,60,75,75,,,,,,,
G Tank,Blowers,Chimney Blower (7.5 kW)-3,,blower_non_drive_end_axial,Blower Non Drive End Axial Vibration,mm/s,6,10,10,,,,,,,
G Tank,Blowers,Chimney Blower (7.5 kW)-3,,blower_non_drive_end_horizontal,Blower Non Drive End Horizontal Vibration,mm/s,6,10,10,,,,,,,
G Tank,Blowers,Chimney Blower (7.5 kW)-3,,blower_non_drive_end_vertical,Blower Non Drive End Vertical Vibration,mm/s,6,10,10,,,,,,,
G Tank,Blowers,Chimney Blower (7.5 kW)-3,,motor_de_temperature,Motor DE Temperature,°C,60,75,75,,,,,,,
G Tank,Blowers,Chimney Blower (7.5 kW)-3,,motor_drive_end_axial,Motor Drive End Axial Vibration,mm/s,6,10,10,,,,,,,
G Tank,Blowers,Chimney Blower (7.5 kW)-3,,motor_drive_end_horizontal,Motor Drive End Horizontal Vibration,mm/s,6,10,10,,,,,,,
G Tank,Blowers,Chimney Blower (7.5 kW)-3,,motor_drive_end_vertical,Motor Drive End Vertical Vibration,mm/s,6,10,10,,,,,,,
G Tank,Blowers,Chimney Blower (7.5 kW)-3,,motor_nde_temperature,Motor NDE Temperature,°C,60,75,75,,,,,,,
G Tank,Blowers,Chimney Blower (7.5 kW)-3,,motor_non_drive_end_axial,Motor Non Drive End Axial Vibration,mm/s,6,10,10,,,,,,,
G Tank,Blowers,Chimney Blower (7.5 kW)-3,,motor_non_drive_end_horizontal,Motor Non Drive End Horizontal Vibration,mm/s,6,10,10,,,,,,,
G Tank,Blowers,Chimney Blower (7.5 kW)-3,,motor_non_drive_end_vertical,Motor Non Drive End Vertical Vibration,mm/s,6,10,10,,,,,,,
G Tank,Blowers,Gas Blower-1,,blower_de_temperature,Blower DE Temperature,°C,60,75,75,,,,,,,
G Tank,Blowers,Gas Blower-1,,blower_drive_end_axial,Blower Drive End Axial Vibration,mm/s,6,10,10,,,,,,,
G Tank,Blowers,Gas Blower-1,,blower_drive_end_horizontal,Blower Drive End Horizontal Vibration,mm/s,6,10,10,,,,,,,
G Tank,Blowers,Gas Blower-1,,blower_drive_end_vertical,Blower Drive End Vertical Vibration,mm/s,6,10,10,,,,,,,
G Tank,Blowers,Gas Blower-1,,blower_nde_temperature,Blower NDE Temperature,°C,60,75,75,,,,,,,
G Tank,Blowers,Gas Blower-1,,blower_non_drive_end_axial,Blower Non Drive End Axial Vibration,mm/s,6,10,10,,,,,,,
G Tank,Blowers,Gas Blower-1,,blower_non_drive_end_horizontal,Blower Non Drive End Horizontal Vibration,mm/s,6,10,10,,,,,,,
G Tank,Blowers,Gas Blower-1,,blower_non_drive_end_vertical,Blower Non Drive End Vertical Vibration,mm/s,6,10,10,,,,,,,
G Tank,Blowers,Gas Blower-1,,motor_de_temperature,Motor DE Temperature,°C,60,75,75,,,,,,,
G Tank,Blowers,Gas Blower-1,,motor_drive_end_axial,Motor Drive End Axial Vibration,mm/s,6,10,10,,,,,,,
G Tank,Blowers,Gas Blower-1,,motor_drive_end_horizontal,Motor Drive End Horizontal Vibration,mm/s,6,10,10,,,,,,,
G Tank,Blowers,Gas Blower-1,,motor_drive_end_vertical,Motor Drive End Vertical Vibration,mm/s,6,10,10,,,,,,,
G Tank,Blowers,Gas Blower-1,,motor_nde_temperature,Motor NDE Temperature,°C,60,75,75,,,,,,,
G Tank,Blowers,Gas Blower-1,,motor_non_drive_end_axial,Motor Non Drive End Axial Vibration,mm/s,6,10,10,,,,,,,
G Tank,Blowers,Gas Blower-1,,motor_non_drive_end_horizontal,Motor Non Drive End Horizontal Vibration,mm/s,6,10,10,,,,,,,
G Tank,Blowers,Gas Blower-1,,motor_non_drive_end_vertical,Motor Non Drive End Vertical Vibration,mm/s,6,10,10,,,,,,,
G Tank,Blowers,Gas Blower-2,,blower_de_temperature,Blower DE Temperature,°C,60,75,75,,,,,,,
G Tank,Blowers,Gas Blower-2,,blower_drive_end_axial,Blower Drive End Axial Vibration,mm/s,6,10,10,,,,,,,
G Tank,Blowers,Gas Blower-2,,blower_drive_end_horizontal,Blower Drive End Horizontal Vibration,mm/s,6,10,10,,,,,,,
G Tank,Blowers,Gas Blower-2,,blower_drive_end_vertical,Blower Drive End Vertical Vibration,mm/s,6,10,10,,,,,,,
G Tank,Blowers,Gas Blower-2,,blower_nde_temperature,Blower NDE Temperature,°C,60,75,75,,,,,,,
G Tank,Blowers,Gas Blower-2,,blower_non_drive_end_axial,Blower Non Drive End Axial Vibration,mm/s,6,10,10,,,,,,,
G Tank,Blowers,Gas Blower-2,,blower_non_drive_end_horizontal,Blower Non Drive End Horizontal Vibration,mm/s,6,10,10,,,,,,,
G Tank,Blowers,Gas Blower-2,,blower_non_drive_end_vertical,Blower Non Drive End Vertical Vibration,mm/s,6,10,10,,,,,,,
G Tank,Blowers,Gas Blower-2,,motor_de_temperature,Motor DE Temperature,°C,60,75,75,,,,,,,
G Tank,Blowers,Gas Blower-2,,motor_drive_end_axial,Motor Drive End Axial Vibration,mm/s,6,10,10,,,,,,,
G Tank,Blowers,Gas Blower-2,,motor_drive_end_horizontal,Motor Drive End Horizontal Vibration,mm/s,6,10,10,,,,,,,
G Tank,Blowers,Gas Blower-2,,motor_drive_end_vertical,Motor Drive End Vertical Vibration,mm/s,6,10,10,,,,,,,
G Tank,Blowers,Gas Blower-2,,motor_nde_temperature,Motor NDE Temperature,°C,60,75,75,,,,,,,
G Tank,Blowers,Gas Blower-2,,motor_non_drive_end_axial,Motor Non Drive End Axial Vibration,mm/s,6,10,10,,,,,,,
G Tank,Blowers,Gas Blower-2,,motor_non_drive_end_horizontal,Motor Non Drive End Horizontal Vibration,mm/s,6,10,10,,,,,,,
G Tank,Blowers,Gas Blower-2,,motor_non_drive_end_vertical,Motor Non Drive End Vertical Vibration,mm/s,6,10,10,,,,,,,
G Tank,Blowers,MCB-1,,blower_de_temperature,Blower DE Temperature,°C,60,75,75,,,,,,,
G Tank,Blowers,MCB-1,,blower_drive_end_axial,Blower Drive End Axial Vibration,mm/s,6,10,10,,,,,,,
G Tank,Blowers,MCB-1,,blower_drive_end_horizontal,Blower Drive End Horizontal Vibration,mm/s,6,10,10,,,,,,,
G Tank,Blowers,MCB-1,,blower_drive_end_vertical,Blower Drive End Vertical Vibration,mm/s,6,10,10,,,,,,,
G Tank,Blowers,MCB-1,,blower_nde_temperature,Blower NDE Temperature,°C,60,75,75,,,,,,,
G Tank,Blowers,MCB-1,,blower_non_drive_end_axial,Blower Non Drive End Axial Vibration,mm/s,6,10,10,,,,,,,
G Tank,Blowers,MCB-1,,blower_non_drive_end_horizontal,Blower Non Drive End Horizontal Vibration,mm/s,6,10,10,,,,,,,
G Tank,Blowers,MCB-1,,blower_non_drive_end_vertical,Blower Non Drive End Vertical Vibration,mm/s,6,10,10,,,,,,,
G Tank,Blowers,MCB-1,,motor_de_temperature,Motor DE Temperature,°C,60,75,75,,,,,,,
G Tank,Blowers,MCB-1,,motor_drive_end_axial,Motor Drive End Axial Vibration,mm/s,6,10,10,,,,,,,
G Tank,Blowers,MCB-1,,motor_drive_end_horizontal,Motor Drive End Horizontal Vibration,mm/s,6,10,10,,,,,,,
G Tank,Blowers,MCB-1,,motor_drive_end_vertical,Motor Drive End Vertical Vibration,mm/s,6,10,10,,,,,,,
G Tank,Blowers,MCB-1,,motor_nde_temperature,Motor NDE Temperature,°C,60,75,75,,,,,,,
G Tank,Blowers,MCB-1,,motor_non_drive_end_axial,Motor Non Drive End Axial Vibration,mm/s,6,10,10,,,,,,,
G Tank,Blowers,MCB-1,,motor_non_drive_end_horizontal,Motor Non Drive End Horizontal Vibration,mm/s,6,10,10,,,,,,,
G Tank,Blowers,MCB-1,,motor_non_drive_end_vertical,Motor Non Drive End Vertical Vibration,mm/s,6,10,10,,,,,,,
G Tank,Blowers,MCB-2,,blower_de_temperature,Blower DE Temperature,°C,60,75,75,,,,,,,
G Tank,Blowers,MCB-2,,blower_drive_end_axial,Blower Drive End Axial Vibration,mm/s,6,10,10,,,,,,,
G Tank,Blowers,MCB-2,,blower_drive_end_horizontal,Blower Drive End Horizontal Vibration,mm/s,6,10,10,,,,,,,
G Tank,Blowers,MCB-2,,blower_drive_end_vertical,Blower Drive End Vertical Vibration,mm/s,6,10,10,,,,,,,
G Tank,Blowers,MCB-2,,blower_nde_temperature,Blower NDE Temperature,°C,60,75,75,,,,,,,
G Tank,Blowers,MCB-2,,blower_non_drive_end_axial,Blower Non Drive End Axial Vibration,mm/s,6,10,10,,,,,,,
G Tank,Blowers,MCB-2,,blower_non_drive_end_horizontal,Blower Non Drive End Horizontal Vibration,mm/s,6,10,10,,,,,,,
G Tank,Blowers,MCB-2,,blower_non_drive_end_vertical,Blower Non Drive End Vertical Vibration,mm/s,6,10,10,,,,,,,
G Tank,Blowers,MCB-2,,motor_de_temperature,Motor DE Temperature,°C,60,75,75,,,,,,,
G Tank,Blowers,MCB-2,,motor_drive_end_axial,Motor Drive End Axial Vibration,mm/s,6,10,10,,,,,,,
G Tank,Blowers,MCB-2,,motor_drive_end_horizontal,Motor Drive End Horizontal Vibration,mm/s,6,10,10,,,,,,,
G Tank,Blowers,MCB-2,,motor_drive_end_vertical,Motor Drive End Vertical Vibration,mm/s,6,10,10,,,,,,,
G Tank,Blowers,MCB-2,,motor_nde_temperature,Motor NDE Temperature,°C,60,75,75,,,,,,,
G Tank,Blowers,MCB-2,,motor_non_drive_end_axial,Motor Non Drive End Axial Vibration,mm/s,6,10,10,,,,,,,
G Tank,Blowers,MCB-2,,motor_non_drive_end_horizontal,Motor Non Drive End Horizontal Vibration,mm/s,6,10,10,,,,,,,
G Tank,Blowers,MCB-2,,motor_non_drive_end_vertical,Motor Non Drive End Vertical Vibration,mm/s,6,10,10,,,,,,,
G Tank,Blowers,MCB-3,,blower_de_temperature,Blower DE Temperature,°C,60,75,75,,,,,,,
G Tank,Blowers,MCB-3,,blower_drive_end_axial,Blower Drive End Axial Vibration,mm/s,6,10,10,,,,,,,
G Tank,Blowers,MCB-3,,blower_drive_end_horizontal,Blower Drive End Horizontal Vibration,mm/s,6,10,10,,,,,,,
G Tank,Blowers,MCB-3,,blower_drive_end_vertical,Blower Drive End Vertical Vibration,mm/s,6,10,10,,,,,,,
G Tank,Blowers,MCB-3,,blower_nde_temperature,Blower NDE Temperature,°C,60,75,75,,,,,,,
G Tank,Blowers,MCB-3,,blower_non_drive_end_axial,Blower Non Drive End Axial Vibration,mm/s,6,10,10,,,,,,,
G Tank,Blowers,MCB-3,,blower_non_drive_end_horizontal,Blower Non Drive End Horizontal Vibration,mm/s,6,10,10,,,,,,,
G Tank,Blowers,MCB-3,,blower_non_drive_end_vertical,Blower Non Drive End Vertical Vibration,mm/s,6,10,10,,,,,,,
G Tank,Blowers,MCB-3,,motor_de_temperature,Motor DE Temperature,°C,60,75,75,,,,,,,
G Tank,Blowers,MCB-3,,motor_drive_end_axial,Motor Drive End Axial Vibration,mm/s,6,10,10,,,,,,,
G Tank,Blowers,MCB-3,,motor_drive_end_horizontal,Motor Drive End Horizontal Vibration,mm/s,6,10,10,,,,,,,
G Tank,Blowers,MCB-3,,motor_drive_end_vertical,Motor Drive End Vertical Vibration,mm/s,6,10,10,,,,,,,
G Tank,Blowers,MCB-3,,motor_nde_temperature,Motor NDE Temperature,°C,60,75,75,,,,,,,
G Tank,Blowers,MCB-3,,motor_non_drive_end_axial,Motor Non Drive End Axial Vibration,mm/s,6,10,10,,,,,,,
G Tank,Blowers,MCB-3,,motor_non_drive_end_horizontal,Motor Non Drive End Horizontal Vibration,mm/s,6,10,10,,,,,,,
G Tank,Blowers,MCB-3,,motor_non_drive_end_vertical,Motor Non Drive End Vertical Vibration,mm/s,6,10,10,,,,,,,
G Tank,Cooling Tower Water Monitoring,G Tank CT,,tds,TDS,ppm,,,,,,,,,,
G Tank,Cooling Tower Water Monitoring,G Tank CT,,water_ph,pH,pH,,,,,,,,,,
G Tank,Cooling Tower Water Monitoring,G Tank CT,,water_temperature,Water Temperature,°C,,,,,,,,,,
G Tank,DM Water Electrode Cooling,G Tank Electrode Cooling,,dm_water_temperature,DM Water Temperature (°C),°C,,,,,,,,,,
G Tank,DM Water Electrode Cooling,G Tank Electrode Cooling,,pump_pressure,Pump Pressure (KG/CM²),KG/CM²,,,,,,,,,,
G Tank,DM Water Electrode Cooling,G Tank Electrode Cooling,,tds,TDS (PPM),PPM,,,,,,,,,,
K Tank,Blowers,Block Cooling Blower-7,,blower_de_temperature,Blower DE Temperature,°C,60,75,75,,,,,,,
K Tank,Blowers,Block Cooling Blower-7,,blower_drive_end_axial,Blower Drive End Axial Vibration,mm/s,6,10,10,,,,,,,
K Tank,Blowers,Block Cooling Blower-7,,blower_drive_end_horizontal,Blower Drive End Horizontal Vibration,mm/s,6,10,10,,,,,,,
K Tank,Blowers,Block Cooling Blower-7,,blower_drive_end_vertical,Blower Drive End Vertical Vibration,mm/s,6,10,10,,,,,,,
K Tank,Blowers,Block Cooling Blower-7,,blower_nde_temperature,Blower NDE Temperature,°C,60,75,75,,,,,,,
K Tank,Blowers,Block Cooling Blower-7,,blower_non_drive_end_axial,Blower Non Drive End Axial Vibration,mm/s,6,10,10,,,,,,,
K Tank,Blowers,Block Cooling Blower-7,,blower_non_drive_end_horizontal,Blower Non Drive End Horizontal Vibration,mm/s,6,10,10,,,,,,,
K Tank,Blowers,Block Cooling Blower-7,,blower_non_drive_end_vertical,Blower Non Drive End Vertical Vibration,mm/s,6,10,10,,,,,,,
K Tank,Blowers,Block Cooling Blower-7,,motor_de_temperature,Motor DE Temperature,°C,60,75,75,,,,,,,
K Tank,Blowers,Block Cooling Blower-7,,motor_drive_end_axial,Motor Drive End Axial Vibration,mm/s,6,10,10,,,,,,,
K Tank,Blowers,Block Cooling Blower-7,,motor_drive_end_horizontal,Motor Drive End Horizontal Vibration,mm/s,6,10,10,,,,,,,
K Tank,Blowers,Block Cooling Blower-7,,motor_drive_end_vertical,Motor Drive End Vertical Vibration,mm/s,6,10,10,,,,,,,
K Tank,Blowers,Block Cooling Blower-7,,motor_nde_temperature,Motor NDE Temperature,°C,60,75,75,,,,,,,
K Tank,Blowers,Block Cooling Blower-7,,motor_non_drive_end_axial,Motor Non Drive End Axial Vibration,mm/s,6,10,10,,,,,,,
K Tank,Blowers,Block Cooling Blower-7,,motor_non_drive_end_horizontal,Motor Non Drive End Horizontal Vibration,mm/s,6,10,10,,,,,,,
K Tank,Blowers,Block Cooling Blower-7,,motor_non_drive_end_vertical,Motor Non Drive End Vertical Vibration,mm/s,6,10,10,,,,,,,
K Tank,Blowers,Block Cooling Blower-8,,blower_de_temperature,Blower DE Temperature,°C,60,75,75,,,,,,,
K Tank,Blowers,Block Cooling Blower-8,,blower_drive_end_axial,Blower Drive End Axial Vibration,mm/s,6,10,10,,,,,,,
K Tank,Blowers,Block Cooling Blower-8,,blower_drive_end_horizontal,Blower Drive End Horizontal Vibration,mm/s,6,10,10,,,,,,,
K Tank,Blowers,Block Cooling Blower-8,,blower_drive_end_vertical,Blower Drive End Vertical Vibration,mm/s,6,10,10,,,,,,,
K Tank,Blowers,Block Cooling Blower-8,,blower_nde_temperature,Blower NDE Temperature,°C,60,75,75,,,,,,,
K Tank,Blowers,Block Cooling Blower-8,,blower_non_drive_end_axial,Blower Non Drive End Axial Vibration,mm/s,6,10,10,,,,,,,
K Tank,Blowers,Block Cooling Blower-8,,blower_non_drive_end_horizontal,Blower Non Drive End Horizontal Vibration,mm/s,6,10,10,,,,,,,
K Tank,Blowers,Block Cooling Blower-8,,blower_non_drive_end_vertical,Blower Non Drive End Vertical Vibration,mm/s,6,10,10,,,,,,,
K Tank,Blowers,Block Cooling Blower-8,,motor_de_temperature,Motor DE Temperature,°C,60,75,75,,,,,,,
K Tank,Blowers,Block Cooling Blower-8,,motor_drive_end_axial,Motor Drive End Axial Vibration,mm/s,6,10,10,,,,,,,
K Tank,Blowers,Block Cooling Blower-8,,motor_drive_end_horizontal,Motor Drive End Horizontal Vibration,mm/s,6,10,10,,,,,,,
K Tank,Blowers,Block Cooling Blower-8,,motor_drive_end_vertical,Motor Drive End Vertical Vibration,mm/s,6,10,10,,,,,,,
K Tank,Blowers,Block Cooling Blower-8,,motor_nde_temperature,Motor NDE Temperature,°C,60,75,75,,,,,,,
K Tank,Blowers,Block Cooling Blower-8,,motor_non_drive_end_axial,Motor Non Drive End Axial Vibration,mm/s,6,10,10,,,,,,,
K Tank,Blowers,Block Cooling Blower-8,,motor_non_drive_end_horizontal,Motor Non Drive End Horizontal Vibration,mm/s,6,10,10,,,,,,,
K Tank,Blowers,Block Cooling Blower-8,,motor_non_drive_end_vertical,Motor Non Drive End Vertical Vibration,mm/s,6,10,10,,,,,,,
K Tank,Blowers,Chimney Blower-3,,blower_de_temperature,Blower DE Temperature,°C,60,75,75,,,,,,,
K Tank,Blowers,Chimney Blower-3,,blower_drive_end_axial,Blower Drive End Axial Vibration,mm/s,6,10,10,,,,,,,
K Tank,Blowers,Chimney Blower-3,,blower_drive_end_horizontal,Blower Drive End Horizontal Vibration,mm/s,6,10,10,,,,,,,
K Tank,Blowers,Chimney Blower-3,,blower_drive_end_vertical,Blower Drive End Vertical Vibration,mm/s,6,10,10,,,,,,,
K Tank,Blowers,Chimney Blower-3,,blower_nde_temperature,Blower NDE Temperature,°C,60,75,75,,,,,,,
K Tank,Blowers,Chimney Blower-3,,blower_non_drive_end_axial,Blower Non Drive End Axial Vibration,mm/s,6,10,10,,,,,,,
K Tank,Blowers,Chimney Blower-3,,blower_non_drive_end_horizontal,Blower Non Drive End Horizontal Vibration,mm/s,6,10,10,,,,,,,
K Tank,Blowers,Chimney Blower-3,,blower_non_drive_end_vertical,Blower Non Drive End Vertical Vibration,mm/s,6,10,10,,,,,,,
K Tank,Blowers,Chimney Blower-3,,motor_de_temperature,Motor DE Temperature,°C,60,75,75,,,,,,,
K Tank,Blowers,Chimney Blower-3,,motor_drive_end_axial,Motor Drive End Axial Vibration,mm/s,6,10,10,,,,,,,
K Tank,Blowers,Chimney Blower-3,,motor_drive_end_horizontal,Motor Drive End Horizontal Vibration,mm/s,6,10,10,,,,,,,
K Tank,Blowers,Chimney Blower-3,,motor_drive_end_vertical,Motor Drive End Vertical Vibration,mm/s,6,10,10,,,,,,,
K Tank,Blowers,Chimney Blower-3,,motor_nde_temperature,Motor NDE Temperature,°C,60,75,75,,,,,,,
K Tank,Blowers,Chimney Blower-3,,motor_non_drive_end_axial,Motor Non Drive End Axial Vibration,mm/s,6,10,10,,,,,,,
K Tank,Blowers,Chimney Blower-3,,motor_non_drive_end_horizontal,Motor Non Drive End Horizontal Vibration,mm/s,6,10,10,,,,,,,
K Tank,Blowers,Chimney Blower-3,,motor_non_drive_end_vertical,Motor Non Drive End Vertical Vibration,mm/s,6,10,10,,,,,,,
K Tank,Blowers,Chimney Blower-4,,blower_de_temperature,Blower DE Temperature,°C,60,75,75,,,,,,,
K Tank,Blowers,Chimney Blower-4,,blower_drive_end_axial,Blower Drive End Axial Vibration,mm/s,6,10,10,,,,,,,
K Tank,Blowers,Chimney Blower-4,,blower_drive_end_horizontal,Blower Drive End Horizontal Vibration,mm/s,6,10,10,,,,,,,
K Tank,Blowers,Chimney Blower-4,,blower_drive_end_vertical,Blower Drive End Vertical Vibration,mm/s,6,10,10,,,,,,,
K Tank,Blowers,Chimney Blower-4,,blower_nde_temperature,Blower NDE Temperature,°C,60,75,75,,,,,,,
K Tank,Blowers,Chimney Blower-4,,blower_non_drive_end_axial,Blower Non Drive End Axial Vibration,mm/s,6,10,10,,,,,,,
K Tank,Blowers,Chimney Blower-4,,blower_non_drive_end_horizontal,Blower Non Drive End Horizontal Vibration,mm/s,6,10,10,,,,,,,
K Tank,Blowers,Chimney Blower-4,,blower_non_drive_end_vertical,Blower Non Drive End Vertical Vibration,mm/s,6,10,10,,,,,,,
K Tank,Blowers,Chimney Blower-4,,motor_de_temperature,Motor DE Temperature,°C,60,75,75,,,,,,,
K Tank,Blowers,Chimney Blower-4,,motor_drive_end_axial,Motor Drive End Axial Vibration,mm/s,6,10,10,,,,,,,
K Tank,Blowers,Chimney Blower-4,,motor_drive_end_horizontal,Motor Drive End Horizontal Vibration,mm/s,6,10,10,,,,,,,
K Tank,Blowers,Chimney Blower-4,,motor_drive_end_vertical,Motor Drive End Vertical Vibration,mm/s,6,10,10,,,,,,,
K Tank,Blowers,Chimney Blower-4,,motor_nde_temperature,Motor NDE Temperature,°C,60,75,75,,,,,,,
K Tank,Blowers,Chimney Blower-4,,motor_non_drive_end_axial,Motor Non Drive End Axial Vibration,mm/s,6,10,10,,,,,,,
K Tank,Blowers,Chimney Blower-4,,motor_non_drive_end_horizontal,Motor Non Drive End Horizontal Vibration,mm/s,6,10,10,,,,,,,
K Tank,Blowers,Chimney Blower-4,,motor_non_drive_end_vertical,Motor Non Drive End Vertical Vibration,mm/s,6,10,10,,,,,,,
K Tank,Blowers,Gas Blower-1,,blower_de_temperature,Blower DE Temperature,°C,60,75,75,,,,,,,
K Tank,Blowers,Gas Blower-1,,blower_drive_end_axial,Blower Drive End Axial Vibration,mm/s,6,10,10,,,,,,,
K Tank,Blowers,Gas Blower-1,,blower_drive_end_horizontal,Blower Drive End Horizontal Vibration,mm/s,6,10,10,,,,,,,
K Tank,Blowers,Gas Blower-1,,blower_drive_end_vertical,Blower Drive End Vertical Vibration,mm/s,6,10,10,,,,,,,
K Tank,Blowers,Gas Blower-1,,blower_nde_temperature,Blower NDE Temperature,°C,60,75,75,,,,,,,
K Tank,Blowers,Gas Blower-1,,blower_non_drive_end_axial,Blower Non Drive End Axial Vibration,mm/s,6,10,10,,,,,,,
K Tank,Blowers,Gas Blower-1,,blower_non_drive_end_horizontal,Blower Non Drive End Horizontal Vibration,mm/s,6,10,10,,,,,,,
K Tank,Blowers,Gas Blower-1,,blower_non_drive_end_vertical,Blower Non Drive End Vertical Vibration,mm/s,6,10,10,,,,,,,
K Tank,Blowers,Gas Blower-1,,motor_de_temperature,Motor DE Temperature,°C,60,75,75,,,,,,,
K Tank,Blowers,Gas Blower-1,,motor_drive_end_axial,Motor Drive End Axial Vibration,mm/s,6,10,10,,,,,,,
K Tank,Blowers,Gas Blower-1,,motor_drive_end_horizontal,Motor Drive End Horizontal Vibration,mm/s,6,10,10,,,,,,,
K Tank,Blowers,Gas Blower-1,,motor_drive_end_vertical,Motor Drive End Vertical Vibration,mm/s,6,10,10,,,,,,,
K Tank,Blowers,Gas Blower-1,,motor_nde_temperature,Motor NDE Temperature,°C,60,75,75,,,,,,,
K Tank,Blowers,Gas Blower-1,,motor_non_drive_end_axial,Motor Non Drive End Axial Vibration,mm/s,6,10,10,,,,,,,
K Tank,Blowers,Gas Blower-1,,motor_non_drive_end_horizontal,Motor Non Drive End Horizontal Vibration,mm/s,6,10,10,,,,,,,
K Tank,Blowers,Gas Blower-1,,motor_non_drive_end_vertical,Motor Non Drive End Vertical Vibration,mm/s,6,10,10,,,,,,,
K Tank,Blowers,Gas Blower-2,,blower_de_temperature,Blower DE Temperature,°C,60,75,75,,,,,,,
K Tank,Blowers,Gas Blower-2,,blower_drive_end_axial,Blower Drive End Axial Vibration,mm/s,6,10,10,,,,,,,
K Tank,Blowers,Gas Blower-2,,blower_drive_end_horizontal,Blower Drive End Horizontal Vibration,mm/s,6,10,10,,,,,,,
K Tank,Blowers,Gas Blower-2,,blower_drive_end_vertical,Blower Drive End Vertical Vibration,mm/s,6,10,10,,,,,,,
K Tank,Blowers,Gas Blower-2,,blower_nde_temperature,Blower NDE Temperature,°C,60,75,75,,,,,,,
K Tank,Blowers,Gas Blower-2,,blower_non_drive_end_axial,Blower Non Drive End Axial Vibration,mm/s,6,10,10,,,,,,,
K Tank,Blowers,Gas Blower-2,,blower_non_drive_end_horizontal,Blower Non Drive End Horizontal Vibration,mm/s,6,10,10,,,,,,,
K Tank,Blowers,Gas Blower-2,,blower_non_drive_end_vertical,Blower Non Drive End Vertical Vibration,mm/s,6,10,10,,,,,,,
K Tank,Blowers,Gas Blower-2,,motor_de_temperature,Motor DE Temperature,°C,60,75,75,,,,,,,
K Tank,Blowers,Gas Blower-2,,motor_drive_end_axial,Motor Drive End Axial Vibration,mm/s,6,10,10,,,,,,,
K Tank,Blowers,Gas Blower-2,,motor_drive_end_horizontal,Motor Drive End Horizontal Vibration,mm/s,6,10,10,,,,,,,
K Tank,Blowers,Gas Blower-2,,motor_drive_end_vertical,Motor Drive End Vertical Vibration,mm/s,6,10,10,,,,,,,
K Tank,Blowers,Gas Blower-2,,motor_nde_temperature,Motor NDE Temperature,°C,60,75,75,,,,,,,
K Tank,Blowers,Gas Blower-2,,motor_non_drive_end_axial,Motor Non Drive End Axial Vibration,mm/s,6,10,10,,,,,,,
K Tank,Blowers,Gas Blower-2,,motor_non_drive_end_horizontal,Motor Non Drive End Horizontal Vibration,mm/s,6,10,10,,,,,,,
K Tank,Blowers,Gas Blower-2,,motor_non_drive_end_vertical,Motor Non Drive End Vertical Vibration,mm/s,6,10,10,,,,,,,
K Tank,Blowers,MCB-132 (132 kW),,blower_de_temperature,Blower DE Temperature,°C,60,75,75,,,,,,,
K Tank,Blowers,MCB-132 (132 kW),,blower_drive_end_axial,Blower Drive End Axial Vibration,mm/s,6,10,10,,,,,,,
K Tank,Blowers,MCB-132 (132 kW),,blower_drive_end_horizontal,Blower Drive End Horizontal Vibration,mm/s,6,10,10,,,,,,,
K Tank,Blowers,MCB-132 (132 kW),,blower_drive_end_vertical,Blower Drive End Vertical Vibration,mm/s,6,10,10,,,,,,,
K Tank,Blowers,MCB-132 (132 kW),,blower_nde_temperature,Blower NDE Temperature,°C,60,75,75,,,,,,,
K Tank,Blowers,MCB-132 (132 kW),,blower_non_drive_end_axial,Blower Non Drive End Axial Vibration,mm/s,6,10,10,,,,,,,
K Tank,Blowers,MCB-132 (132 kW),,blower_non_drive_end_horizontal,Blower Non Drive End Horizontal Vibration,mm/s,6,10,10,,,,,,,
K Tank,Blowers,MCB-132 (132 kW),,blower_non_drive_end_vertical,Blower Non Drive End Vertical Vibration,mm/s,6,10,10,,,,,,,
K Tank,Blowers,MCB-132 (132 kW),,motor_de_temperature,Motor DE Temperature,°C,60,75,75,,,,,,,
K Tank,Blowers,MCB-132 (132 kW),,motor_drive_end_axial,Motor Drive End Axial Vibration,mm/s,6,10,10,,,,,,,
K Tank,Blowers,MCB-132 (132 kW),,motor_drive_end_horizontal,Motor Drive End Horizontal Vibration,mm/s,6,10,10,,,,,,,
K Tank,Blowers,MCB-132 (132 kW),,motor_drive_end_vertical,Motor Drive End Vertical Vibration,mm/s,6,10,10,,,,,,,
K Tank,Blowers,MCB-132 (132 kW),,motor_nde_temperature,Motor NDE Temperature,°C,60,75,75,,,,,,,
K Tank,Blowers,MCB-132 (132 kW),,motor_non_drive_end_axial,Motor Non Drive End Axial Vibration,mm/s,6,10,10,,,,,,,
K Tank,Blowers,MCB-132 (132 kW),,motor_non_drive_end_horizontal,Motor Non Drive End Horizontal Vibration,mm/s,6,10,10,,,,,,,
K Tank,Blowers,MCB-132 (132 kW),,motor_non_drive_end_vertical,Motor Non Drive End Vertical Vibration,mm/s,6,10,10,,,,,,,
K Tank,Blowers,MCB-5,,blower_de_temperature,Blower DE Temperature,°C,60,75,75,,,,,,,
K Tank,Blowers,MCB-5,,blower_drive_end_axial,Blower Drive End Axial Vibration,mm/s,6,10,10,,,,,,,
K Tank,Blowers,MCB-5,,blower_drive_end_horizontal,Blower Drive End Horizontal Vibration,mm/s,6,10,10,,,,,,,
K Tank,Blowers,MCB-5,,blower_drive_end_vertical,Blower Drive End Vertical Vibration,mm/s,6,10,10,,,,,,,
K Tank,Blowers,MCB-5,,blower_nde_temperature,Blower NDE Temperature,°C,60,75,75,,,,,,,
K Tank,Blowers,MCB-5,,blower_non_drive_end_axial,Blower Non Drive End Axial Vibration,mm/s,6,10,10,,,,,,,
K Tank,Blowers,MCB-5,,blower_non_drive_end_horizontal,Blower Non Drive End Horizontal Vibration,mm/s,6,10,10,,,,,,,
K Tank,Blowers,MCB-5,,blower_non_drive_end_vertical,Blower Non Drive End Vertical Vibration,mm/s,6,10,10,,,,,,,
K Tank,Blowers,MCB-5,,motor_de_temperature,Motor DE Temperature,°C,60,75,75,,,,,,,
K Tank,Blowers,MCB-5,,motor_drive_end_axial,Motor Drive End Axial Vibration,mm/s,6,10,10,,,,,,,
K Tank,Blowers,MCB-5,,motor_drive_end_horizontal,Motor Drive End Horizontal Vibration,mm/s,6,10,10,,,,,,,
K Tank,Blowers,MCB-5,,motor_drive_end_vertical,Motor Drive End Vertical Vibration,mm/s,6,10,10,,,,,,,
K Tank,Blowers,MCB-5,,motor_nde_temperature,Motor NDE Temperature,°C,60,75,75,,,,,,,
K Tank,Blowers,MCB-5,,motor_non_drive_end_axial,Motor Non Drive End Axial Vibration,mm/s,6,10,10,,,,,,,
K Tank,Blowers,MCB-5,,motor_non_drive_end_horizontal,Motor Non Drive End Horizontal Vibration,mm/s,6,10,10,,,,,,,
K Tank,Blowers,MCB-5,,motor_non_drive_end_vertical,Motor Non Drive End Vertical Vibration,mm/s,6,10,10,,,,,,,
K Tank,Blowers,MCB-6,,blower_de_temperature,Blower DE Temperature,°C,60,75,75,,,,,,,
K Tank,Blowers,MCB-6,,blower_drive_end_axial,Blower Drive End Axial Vibration,mm/s,6,10,10,,,,,,,
K Tank,Blowers,MCB-6,,blower_drive_end_horizontal,Blower Drive End Horizontal Vibration,mm/s,6,10,10,,,,,,,
K Tank,Blowers,MCB-6,,blower_drive_end_vertical,Blower Drive End Vertical Vibration,mm/s,6,10,10,,,,,,,
K Tank,Blowers,MCB-6,,blower_nde_temperature,Blower NDE Temperature,°C,60,75,75,,,,,,,
K Tank,Blowers,MCB-6,,blower_non_drive_end_axial,Blower Non Drive End Axial Vibration,mm/s,6,10,10,,,,,,,
K Tank,Blowers,MCB-6,,blower_non_drive_end_horizontal,Blower Non Drive End Horizontal Vibration,mm/s,6,10,10,,,,,,,
K Tank,Blowers,MCB-6,,blower_non_drive_end_vertical,Blower Non Drive End Vertical Vibration,mm/s,6,10,10,,,,,,,
K Tank,Blowers,MCB-6,,motor_de_temperature,Motor DE Temperature,°C,60,75,75,,,,,,,
K Tank,Blowers,MCB-6,,motor_drive_end_axial,Motor Drive End Axial Vibration,mm/s,6,10,10,,,,,,,
K Tank,Blowers,MCB-6,,motor_drive_end_horizontal,Motor Drive End Horizontal Vibration,mm/s,6,10,10,,,,,,,
K Tank,Blowers,MCB-6,,motor_drive_end_vertical,Motor Drive End Vertical Vibration,mm/s,6,10,10,,,,,,,
K Tank,Blowers,MCB-6,,motor_nde_temperature,Motor NDE Temperature,°C,60,75,75,,,,,,,
K Tank,Blowers,MCB-6,,motor_non_drive_end_axial,Motor Non Drive End Axial Vibration,mm/s,6,10,10,,,,,,,
K Tank,Blowers,MCB-6,,motor_non_drive_end_horizontal,Motor Non Drive End Horizontal Vibration,mm/s,6,10,10,,,,,,,
K Tank,Blowers,MCB-6,,motor_non_drive_end_vertical,Motor Non Drive End Vertical Vibration,mm/s,6,10,10,,,,,,,
K Tank,Blowers,Throat Cool Blower-11,,blower_de_temperature,Blower DE Temperature,°C,60,75,75,,,,,,,
K Tank,Blowers,Throat Cool Blower-11,,blower_drive_end_axial,Blower Drive End Axial Vibration,mm/s,6,10,10,,,,,,,
K Tank,Blowers,Throat Cool Blower-11,,blower_drive_end_horizontal,Blower Drive End Horizontal Vibration,mm/s,6,10,10,,,,,,,
K Tank,Blowers,Throat Cool Blower-11,,blower_drive_end_vertical,Blower Drive End Vertical Vibration,mm/s,6,10,10,,,,,,,
K Tank,Blowers,Throat Cool Blower-11,,blower_nde_temperature,Blower NDE Temperature,°C,60,75,75,,,,,,,
K Tank,Blowers,Throat Cool Blower-11,,blower_non_drive_end_axial,Blower Non Drive End Axial Vibration,mm/s,6,10,10,,,,,,,
K Tank,Blowers,Throat Cool Blower-11,,blower_non_drive_end_horizontal,Blower Non Drive End Horizontal Vibration,mm/s,6,10,10,,,,,,,
K Tank,Blowers,Throat Cool Blower-11,,blower_non_drive_end_vertical,Blower Non Drive End Vertical Vibration,mm/s,6,10,10,,,,,,,
K Tank,Blowers,Throat Cool Blower-11,,motor_de_temperature,Motor DE Temperature,°C,60,75,75,,,,,,,
K Tank,Blowers,Throat Cool Blower-11,,motor_drive_end_axial,Motor Drive End Axial Vibration,mm/s,6,10,10,,,,,,,
K Tank,Blowers,Throat Cool Blower-11,,motor_drive_end_horizontal,Motor Drive End Horizontal Vibration,mm/s,6,10,10,,,,,,,
K Tank,Blowers,Throat Cool Blower-11,,motor_drive_end_vertical,Motor Drive End Vertical Vibration,mm/s,6,10,10,,,,,,,
K Tank,Blowers,Throat Cool Blower-11,,motor_nde_temperature,Motor NDE Temperature,°C,60,75,75,,,,,,,
K Tank,Blowers,Throat Cool Blower-11,,motor_non_drive_end_axial,Motor Non Drive End Axial Vibration,mm/s,6,10,10,,,,,,,
K Tank,Blowers,Throat Cool Blower-11,,motor_non_drive_end_horizontal,Motor Non Drive End Horizontal Vibration,mm/s,6,10,10,,,,,,,
K Tank,Blowers,Throat Cool Blower-11,,motor_non_drive_end_vertical,Motor Non Drive End Vertical Vibration,mm/s,6,10,10,,,,,,,
K Tank,Blowers,Throat Cool Blower-12,,blower_de_temperature,Blower DE Temperature,°C,60,75,75,,,,,,,
K Tank,Blowers,Throat Cool Blower-12,,blower_drive_end_axial,Blower Drive End Axial Vibration,mm/s,6,10,10,,,,,,,
K Tank,Blowers,Throat Cool Blower-12,,blower_drive_end_horizontal,Blower Drive End Horizontal Vibration,mm/s,6,10,10,,,,,,,
K Tank,Blowers,Throat Cool Blower-12,,blower_drive_end_vertical,Blower Drive End Vertical Vibration,mm/s,6,10,10,,,,,,,
K Tank,Blowers,Throat Cool Blower-12,,blower_nde_temperature,Blower NDE Temperature,°C,60,75,75,,,,,,,
K Tank,Blowers,Throat Cool Blower-12,,blower_non_drive_end_axial,Blower Non Drive End Axial Vibration,mm/s,6,10,10,,,,,,,
K Tank,Blowers,Throat Cool Blower-12,,blower_non_drive_end_horizontal,Blower Non Drive End Horizontal Vibration,mm/s,6,10,10,,,,,,,
K Tank,Blowers,Throat Cool Blower-12,,blower_non_drive_end_vertical,Blower Non Drive End Vertical Vibration,mm/s,6,10,10,,,,,,,
K Tank,Blowers,Throat Cool Blower-12,,motor_de_temperature,Motor DE Temperature,°C,60,75,75,,,,,,,
K Tank,Blowers,Throat Cool Blower-12,,motor_drive_end_axial,Motor Drive End Axial Vibration,mm/s,6,10,10,,,,,,,
K Tank,Blowers,Throat Cool Blower-12,,motor_drive_end_horizontal,Motor Drive End Horizontal Vibration,mm/s,6,10,10,,,,,,,
K Tank,Blowers,Throat Cool Blower-12,,motor_drive_end_vertical,Motor Drive End Vertical Vibration,mm/s,6,10,10,,,,,,,
K Tank,Blowers,Throat Cool Blower-12,,motor_nde_temperature,Motor NDE Temperature,°C,60,75,75,,,,,,,
K Tank,Blowers,Throat Cool Blower-12,,motor_non_drive_end_axial,Motor Non Drive End Axial Vibration,mm/s,6,10,10,,,,,,,
K Tank,Blowers,Throat Cool Blower-12,,motor_non_drive_end_horizontal,Motor Non Drive End Horizontal Vibration,mm/s,6,10,10,,,,,,,
K Tank,Blowers,Throat Cool Blower-12,,motor_non_drive_end_vertical,Motor Non Drive End Vertical Vibration,mm/s,6,10,10,,,,,,,
K Tank,DM Water Batch Charger,K & E Tank Batch Charger,,cooling_water_temperature,Cooling Water Temperature (°C),°C,,,,,,,,,,
K Tank,DM Water Electrode Cooling,K Tank Electrode Cooling,,dm_water_temperature,DM Water Temperature (°C),°C,,,,,,,,,,
K Tank,DM Water Electrode Cooling,K Tank Electrode Cooling,,pump_pressure,Pump Pressure (KG/CM²),KG/CM²,,,,,,,,,,
K Tank,DM Water Electrode Cooling,K Tank Electrode Cooling,,tds,TDS (PPM),PPM,,,,,,,,,,
Utility Area,Cooling Tower Water Monitoring,Compressor House CT (Cooling Tower Water Monitoring),Compressor House CT,tds,TDS,ppm,,,,,,,,,,
Utility Area,Cooling Tower Water Monitoring,Compressor House CT (Cooling Tower Water Monitoring),Compressor House CT,water_ph,pH,pH,,,,,,,,,,
Utility Area,Cooling Tower Water Monitoring,Compressor House CT (Cooling Tower Water Monitoring),Compressor House CT,water_temperature,Water Temperature,°C,,,,,,,,,,
Utility Area,Utility Area Monitoring,All DG Set (DG Set),All DG Set,current,Current,A,,,,,,,,,,
Utility Area,Utility Area Monitoring,All DG Set (DG Set),All DG Set,temperature,Temperature,°C,,,,,,,,,,
Utility Area,Utility Area Monitoring,All DG Set (DG Set),All DG Set,voltage,Voltage,V,,,,,,,,,,
Utility Area,Utility Area Monitoring,BATCH (Cooling Tower Pump),BATCH,horizontal_vibration,Horizontal Vibration,mm/s,,,,,,,,,,
Utility Area,Utility Area Monitoring,BATCH (Cooling Tower Pump),BATCH,temperature,Temperature,°C,,,,,,,,,,
Utility Area,Utility Area Monitoring,BATCH (Cooling Tower Pump),BATCH,vertical_vibration,Vertical Vibration,mm/s,,,,,,,,,,
Utility Area,Utility Area Monitoring,centac-1 (Centrifugal Compressor),centac-1,current,Current,A,,,,,,,,,,
Utility Area,Utility Area Monitoring,centac-1 (Centrifugal Compressor),centac-1,horizontal_vibration,Horizontal Vibration,mm/s,,,,,,,,,,
Utility Area,Utility Area Monitoring,centac-1 (Centrifugal Compressor),centac-1,temperature,Temperature,°C,,,,,,,,,,
Utility Area,Utility Area Monitoring,centac-1 (Centrifugal Compressor),centac-1,vertical_vibration,Vertical Vibration,mm/s,,,,,,,,,,
Utility Area,Utility Area Monitoring,centac-2 (Centrifugal Compressor),centac-2,current,Current,A,,,,,,,,,,
Utility Area,Utility Area Monitoring,centac-2 (Centrifugal Compressor),centac-2,horizontal_vibration,Horizontal Vibration,mm/s,,,,,,,,,,
Utility Area,Utility Area Monitoring,centac-2 (Centrifugal Compressor),centac-2,temperature,Temperature,°C,,,,,,,,,,
Utility Area,Utility Area Monitoring,centac-2 (Centrifugal Compressor),centac-2,vertical_vibration,Vertical Vibration,mm/s,,,,,,,,,,
Utility Area,Utility Area Monitoring,centac-3 (Centrifugal Compressor),centac-3,current,Current,A,,,,,,,,,,
Utility Area,Utility Area Monitoring,centac-3 (Centrifugal Compressor),centac-3,horizontal_vibration,Horizontal Vibration,mm/s,,,,,,,,,,
Utility Area,Utility Area Monitoring,centac-3 (Centrifugal Compressor),centac-3,temperature,Temperature,°C,,,,,,,,,,
Utility Area,Utility Area Monitoring,centac-3 (Centrifugal Compressor),centac-3,vertical_vibration,Vertical Vibration,mm/s,,,,,,,,,,
Utility Area,Utility Area Monitoring,Comp-1 (Screw Compressor),Comp-1,compressor_de_temperature,Compressor DE Temperature,°C,,,,,,,,,,
Utility Area,Utility Area Monitoring,Comp-1 (Screw Compressor),Comp-1,compressor_drive_end_axial_vibration,Compressor Drive End Axial Vibration,mm/s,,,,,,,,,,
Utility Area,Utility Area Monitoring,Comp-1 (Screw Compressor),Comp-1,compressor_drive_end_horizontal_vibration,Compressor Drive End Horizontal Vibration,mm/s,,,,,,,,,,
Utility Area,Utility Area Monitoring,Comp-1 (Screw Compressor),Comp-1,compressor_drive_end_vertical_vibration,Compressor Drive End Vertical Vibration,mm/s,,,,,,,,,,
Utility Area,Utility Area Monitoring,Comp-1 (Screw Compressor),Comp-1,compressor_nde_temperature,Compressor NDE Temperature,°C,,,,,,,,,,
Utility Area,Utility Area Monitoring,Comp-1 (Screw Compressor),Comp-1,compressor_non_drive_end_axial_vibration,Compressor Non Drive End Axial Vibration,mm/s,,,,,,,,,,
Utility Area,Utility Area Monitoring,Comp-1 (Screw Compressor),Comp-1,compressor_non_drive_end_horizontal_vibration,Compressor Non Drive End Horizontal Vibration,mm/s,,,,,,,,,,
Utility Area,Utility Area Monitoring,Comp-1 (Screw Compressor),Comp-1,compressor_non_drive_end_vertical_vibration,Compressor Non Drive End Vertical Vibration,mm/s,,,,,,,,,,
Utility Area,Utility Area Monitoring,Comp-1 (Screw Compressor),Comp-1,current,Current,A,,,,,,,,,,
Utility Area,Utility Area Monitoring,Comp-1 (Screw Compressor),Comp-1,motor_de_temperature,Motor DE Temperature,°C,,,,,,,,,,
Utility Area,Utility Area Monitoring,Comp-1 (Screw Compressor),Comp-1,motor_drive_end_axial_vibration,Motor Drive End Axial Vibration,mm/s,,,,,,,,,,
Utility Area,Utility Area Monitoring,Comp-1 (Screw Compressor),Comp-1,motor_drive_end_horizontal_vibration,Motor Drive End Horizontal Vibration,mm/s,,,,,,,,,,
Utility Area,Utility Area Monitoring,Comp-1 (Screw Compressor),Comp-1,motor_drive_end_vertical_vibration,Motor Drive End Vertical Vibration,mm/s,,,,,,,,,,
Utility Area,Utility Area Monitoring,Comp-1 (Screw Compressor),Comp-1,motor_nde_temperature,Motor NDE Temperature,°C,,,,,,,,,,
Utility Area,Utility Area Monitoring,Comp-1 (Screw Compressor),Comp-1,motor_non_drive_end_axial_vibration,Motor Non Drive End Axial Vibration,mm/s,,,,,,,,,,
Utility Area,Utility Area Monitoring,Comp-1 (Screw Compressor),Comp-1,motor_non_drive_end_horizontal_vibration,Motor Non Drive End Horizontal Vibration,mm/s,,,,,,,,,,
Utility Area,Utility Area Monitoring,Comp-1 (Screw Compressor),Comp-1,motor_non_drive_end_vertical_vibration,Motor Non Drive End Vertical Vibration,mm/s,,,,,,,,,,
Utility Area,Utility Area Monitoring,Comp-2 (Screw Compressor),Comp-2,compressor_de_temperature,Compressor DE Temperature,°C,,,,,,,,,,
Utility Area,Utility Area Monitoring,Comp-2 (Screw Compressor),Comp-2,compressor_drive_end_axial_vibration,Compressor Drive End Axial Vibration,mm/s,,,,,,,,,,
Utility Area,Utility Area Monitoring,Comp-2 (Screw Compressor),Comp-2,compressor_drive_end_horizontal_vibration,Compressor Drive End Horizontal Vibration,mm/s,,,,,,,,,,
Utility Area,Utility Area Monitoring,Comp-2 (Screw Compressor),Comp-2,compressor_drive_end_vertical_vibration,Compressor Drive End Vertical Vibration,mm/s,,,,,,,,,,
Utility Area,Utility Area Monitoring,Comp-2 (Screw Compressor),Comp-2,compressor_nde_temperature,Compressor NDE Temperature,°C,,,,,,,,,,
Utility Area,Utility Area Monitoring,Comp-2 (Screw Compressor),Comp-2,compressor_non_drive_end_axial_vibration,Compressor Non Drive End Axial Vibration,mm/s,,,,,,,,,,
Utility Area,Utility Area Monitoring,Comp-2 (Screw Compressor),Comp-2,compressor_non_drive_end_horizontal_vibration,Compressor Non Drive End Horizontal Vibration,mm/s,,,,,,,,,,
Utility Area,Utility Area Monitoring,Comp-2 (Screw Compressor),Comp-2,compressor_non_drive_end_vertical_vibration,Compressor Non Drive End Vertical Vibration,mm/s,,,,,,,,,,
Utility Area,Utility Area Monitoring,Comp-2 (Screw Compressor),Comp-2,current,Current,A,,,,,,,,,,
Utility Area,Utility Area Monitoring,Comp-2 (Screw Compressor),Comp-2,motor_de_temperature,Motor DE Temperature,°C,,,,,,,,,,
Utility Area,Utility Area Monitoring,Comp-2 (Screw Compressor),Comp-2,motor_drive_end_axial_vibration,Motor Drive End Axial Vibration,mm/s,,,,,,,,,,
Utility Area,Utility Area Monitoring,Comp-2 (Screw Compressor),Comp-2,motor_drive_end_horizontal_vibration,Motor Drive End Horizontal Vibration,mm/s,,,,,,,,,,
Utility Area,Utility Area Monitoring,Comp-2 (Screw Compressor),Comp-2,motor_drive_end_vertical_vibration,Motor Drive End Vertical Vibration,mm/s,,,,,,,,,,
Utility Area,Utility Area Monitoring,Comp-2 (Screw Compressor),Comp-2,motor_nde_temperature,Motor NDE Temperature,°C,,,,,,,,,,
Utility Area,Utility Area Monitoring,Comp-2 (Screw Compressor),Comp-2,motor_non_drive_end_axial_vibration,Motor Non Drive End Axial Vibration,mm/s,,,,,,,,,,
Utility Area,Utility Area Monitoring,Comp-2 (Screw Compressor),Comp-2,motor_non_drive_end_horizontal_vibration,Motor Non Drive End Horizontal Vibration,mm/s,,,,,,,,,,
Utility Area,Utility Area Monitoring,Comp-2 (Screw Compressor),Comp-2,motor_non_drive_end_vertical_vibration,Motor Non Drive End Vertical Vibration,mm/s,,,,,,,,,,
Utility Area,Utility Area Monitoring,Comp-3 (Screw Compressor),Comp-3,compressor_de_temperature,Compressor DE Temperature,°C,,,,,,,,,,
Utility Area,Utility Area Monitoring,Comp-3 (Screw Compressor),Comp-3,compressor_drive_end_axial_vibration,Compressor Drive End Axial Vibration,mm/s,,,,,,,,,,
Utility Area,Utility Area Monitoring,Comp-3 (Screw Compressor),Comp-3,compressor_drive_end_horizontal_vibration,Compressor Drive End Horizontal Vibration,mm/s,,,,,,,,,,
Utility Area,Utility Area Monitoring,Comp-3 (Screw Compressor),Comp-3,compressor_drive_end_vertical_vibration,Compressor Drive End Vertical Vibration,mm/s,,,,,,,,,,
Utility Area,Utility Area Monitoring,Comp-3 (Screw Compressor),Comp-3,compressor_nde_temperature,Compressor NDE Temperature,°C,,,,,,,,,,
Utility Area,Utility Area Monitoring,Comp-3 (Screw Compressor),Comp-3,compressor_non_drive_end_axial_vibration,Compressor Non Drive End Axial Vibration,mm/s,,,,,,,,,,
Utility Area,Utility Area Monitoring,Comp-3 (Screw Compressor),Comp-3,compressor_non_drive_end_horizontal_vibration,Compressor Non Drive End Horizontal Vibration,mm/s,,,,,,,,,,
Utility Area,Utility Area Monitoring,Comp-3 (Screw Compressor),Comp-3,compressor_non_drive_end_vertical_vibration,Compressor Non Drive End Vertical Vibration,mm/s,,,,,,,,,,
Utility Area,Utility Area Monitoring,Comp-3 (Screw Compressor),Comp-3,current,Current,A,,,,,,,,,,
Utility Area,Utility Area Monitoring,Comp-3 (Screw Compressor),Comp-3,motor_de_temperature,Motor DE Temperature,°C,,,,,,,,,,
Utility Area,Utility Area Monitoring,Comp-3 (Screw Compressor),Comp-3,motor_drive_end_axial_vibration,Motor Drive End Axial Vibration,mm/s,,,,,,,,,,
Utility Area,Utility Area Monitoring,Comp-3 (Screw Compressor),Comp-3,motor_drive_end_horizontal_vibration,Motor Drive End Horizontal Vibration,mm/s,,,,,,,,,,
Utility Area,Utility Area Monitoring,Comp-3 (Screw Compressor),Comp-3,motor_drive_end_vertical_vibration,Motor Drive End Vertical Vibration,mm/s,,,,,,,,,,
Utility Area,Utility Area Monitoring,Comp-3 (Screw Compressor),Comp-3,motor_nde_temperature,Motor NDE Temperature,°C,,,,,,,,,,
Utility Area,Utility Area Monitoring,Comp-3 (Screw Compressor),Comp-3,motor_non_drive_end_axial_vibration,Motor Non Drive End Axial Vibration,mm/s,,,,,,,,,,
Utility Area,Utility Area Monitoring,Comp-3 (Screw Compressor),Comp-3,motor_non_drive_end_horizontal_vibration,Motor Non Drive End Horizontal Vibration,mm/s,,,,,,,,,,
Utility Area,Utility Area Monitoring,Comp-3 (Screw Compressor),Comp-3,motor_non_drive_end_vertical_vibration,Motor Non Drive End Vertical Vibration,mm/s,,,,,,,,,,
Utility Area,Utility Area Monitoring,Comp-4 (Screw Compressor),Comp-4,compressor_de_temperature,Compressor DE Temperature,°C,,,,,,,,,,
Utility Area,Utility Area Monitoring,Comp-4 (Screw Compressor),Comp-4,compressor_drive_end_axial_vibration,Compressor Drive End Axial Vibration,mm/s,,,,,,,,,,
Utility Area,Utility Area Monitoring,Comp-4 (Screw Compressor),Comp-4,compressor_drive_end_horizontal_vibration,Compressor Drive End Horizontal Vibration,mm/s,,,,,,,,,,
Utility Area,Utility Area Monitoring,Comp-4 (Screw Compressor),Comp-4,compressor_drive_end_vertical_vibration,Compressor Drive End Vertical Vibration,mm/s,,,,,,,,,,
Utility Area,Utility Area Monitoring,Comp-4 (Screw Compressor),Comp-4,compressor_nde_temperature,Compressor NDE Temperature,°C,,,,,,,,,,
Utility Area,Utility Area Monitoring,Comp-4 (Screw Compressor),Comp-4,compressor_non_drive_end_axial_vibration,Compressor Non Drive End Axial Vibration,mm/s,,,,,,,,,,
Utility Area,Utility Area Monitoring,Comp-4 (Screw Compressor),Comp-4,compressor_non_drive_end_horizontal_vibration,Compressor Non Drive End Horizontal Vibration,mm/s,,,,,,,,,,
Utility Area,Utility Area Monitoring,Comp-4 (Screw Compressor),Comp-4,compressor_non_drive_end_vertical_vibration,Compressor Non Drive End Vertical Vibration,mm/s,,,,,,,,,,
Utility Area,Utility Area Monitoring,Comp-4 (Screw Compressor),Comp-4,current,Current,A,,,,,,,,,,
Utility Area,Utility Area Monitoring,Comp-4 (Screw Compressor),Comp-4,motor_de_temperature,Motor DE Temperature,°C,,,,,,,,,,
Utility Area,Utility Area Monitoring,Comp-4 (Screw Compressor),Comp-4,motor_drive_end_axial_vibration,Motor Drive End Axial Vibration,mm/s,,,,,,,,,,
Utility Area,Utility Area Monitoring,Comp-4 (Screw Compressor),Comp-4,motor_drive_end_horizontal_vibration,Motor Drive End Horizontal Vibration,mm/s,,,,,,,,,,
Utility Area,Utility Area Monitoring,Comp-4 (Screw Compressor),Comp-4,motor_drive_end_vertical_vibration,Motor Drive End Vertical Vibration,mm/s,,,,,,,,,,
Utility Area,Utility Area Monitoring,Comp-4 (Screw Compressor),Comp-4,motor_nde_temperature,Motor NDE Temperature,°C,,,,,,,,,,
Utility Area,Utility Area Monitoring,Comp-4 (Screw Compressor),Comp-4,motor_non_drive_end_axial_vibration,Motor Non Drive End Axial Vibration,mm/s,,,,,,,,,,
Utility Area,Utility Area Monitoring,Comp-4 (Screw Compressor),Comp-4,motor_non_drive_end_horizontal_vibration,Motor Non Drive End Horizontal Vibration,mm/s,,,,,,,,,,
Utility Area,Utility Area Monitoring,Comp-4 (Screw Compressor),Comp-4,motor_non_drive_end_vertical_vibration,Motor Non Drive End Vertical Vibration,mm/s,,,,,,,,,,
Utility Area,Utility Area Monitoring,Cooling Tower-1 (Cooling Tower),Cooling Tower-1,tds,TDS,ppm,,,,,,,,,,
Utility Area,Utility Area Monitoring,Cooling Tower-1 (Cooling Tower),Cooling Tower-1,water_ph,pH,pH,,,,,,,,,,
Utility Area,Utility Area Monitoring,Cooling Tower-1 (Cooling Tower),Cooling Tower-1,water_temperature,Water Temperature,°C,,,,,,,,,,
Utility Area,Utility Area Monitoring,Cooling Tower-2 (Cooling Tower),Cooling Tower-2,tds,TDS,ppm,,,,,,,,,,
Utility Area,Utility Area Monitoring,Cooling Tower-2 (Cooling Tower),Cooling Tower-2,water_ph,pH,pH,,,,,,,,,,
Utility Area,Utility Area Monitoring,Cooling Tower-2 (Cooling Tower),Cooling Tower-2,water_temperature,Water Temperature,°C,,,,,,,,,,
Utility Area,Utility Area Monitoring,Cooling Tower-3 (Cooling Tower),Cooling Tower-3,tds,TDS,ppm,,,,,,,,,,
Utility Area,Utility Area Monitoring,Cooling Tower-3 (Cooling Tower),Cooling Tower-3,water_ph,pH,pH,,,,,,,,,,
Utility Area,Utility Area Monitoring,Cooling Tower-3 (Cooling Tower),Cooling Tower-3,water_temperature,Water Temperature,°C,,,,,,,,,,
Utility Area,Utility Area Monitoring,D.G Room (Screw Compressor),D.G Room,compressor_de_temperature,Compressor DE Temperature,°C,,,,,,,,,,
Utility Area,Utility Area Monitoring,D.G Room (Screw Compressor),D.G Room,compressor_drive_end_axial_vibration,Compressor Drive End Axial Vibration,mm/s,,,,,,,,,,
Utility Area,Utility Area Monitoring,D.G Room (Screw Compressor),D.G Room,compressor_drive_end_horizontal_vibration,Compressor Drive End Horizontal Vibration,mm/s,,,,,,,,,,
Utility Area,Utility Area Monitoring,D.G Room (Screw Compressor),D.G Room,compressor_drive_end_vertical_vibration,Compressor Drive End Vertical Vibration,mm/s,,,,,,,,,,
Utility Area,Utility Area Monitoring,D.G Room (Screw Compressor),D.G Room,compressor_nde_temperature,Compressor NDE Temperature,°C,,,,,,,,,,
Utility Area,Utility Area Monitoring,D.G Room (Screw Compressor),D.G Room,compressor_non_drive_end_axial_vibration,Compressor Non Drive End Axial Vibration,mm/s,,,,,,,,,,
Utility Area,Utility Area Monitoring,D.G Room (Screw Compressor),D.G Room,compressor_non_drive_end_horizontal_vibration,Compressor Non Drive End Horizontal Vibration,mm/s,,,,,,,,,,
Utility Area,Utility Area Monitoring,D.G Room (Screw Compressor),D.G Room,compressor_non_drive_end_vertical_vibration,Compressor Non Drive End Vertical Vibration,mm/s,,,,,,,,,,
Utility Area,Utility Area Monitoring,D.G Room (Screw Compressor),D.G Room,current,Current,A,,,,,,,,,,
Utility Area,Utility Area Monitoring,D.G Room (Screw Compressor),D.G Room,motor_de_temperature,Motor DE Temperature,°C,,,,,,,,,,
Utility Area,Utility Area Monitoring,D.G Room (Screw Compressor),D.G Room,motor_drive_end_axial_vibration,Motor Drive End Axial Vibration,mm/s,,,,,,,,,,
Utility Area,Utility Area Monitoring,D.G Room (Screw Compressor),D.G Room,motor_drive_end_horizontal_vibration,Motor Drive End Horizontal Vibration,mm/s,,,,,,,,,,
Utility Area,Utility Area Monitoring,D.G Room (Screw Compressor),D.G Room,motor_drive_end_vertical_vibration,Motor Drive End Vertical Vibration,mm/s,,,,,,,,,,
Utility Area,Utility Area Monitoring,D.G Room (Screw Compressor),D.G Room,motor_nde_temperature,Motor NDE Temperature,°C,,,,,,,,,,
Utility Area,Utility Area Monitoring,D.G Room (Screw Compressor),D.G Room,motor_non_drive_end_axial_vibration,Motor Non Drive End Axial Vibration,mm/s,,,,,,,,,,
Utility Area,Utility Area Monitoring,D.G Room (Screw Compressor),D.G Room,motor_non_drive_end_horizontal_vibration,Motor Non Drive End Horizontal Vibration,mm/s,,,,,,,,,,
Utility Area,Utility Area Monitoring,D.G Room (Screw Compressor),D.G Room,motor_non_drive_end_vertical_vibration,Motor Non Drive End Vertical Vibration,mm/s,,,,,,,,,,
Utility Area,Utility Area Monitoring,G Tank Cooling Tower (Cooling Tower),G Tank Cooling Tower,tds,TDS,ppm,,,,,,,,,,
Utility Area,Utility Area Monitoring,G Tank Cooling Tower (Cooling Tower),G Tank Cooling Tower,water_ph,pH,pH,,,,,,,,,,
Utility Area,Utility Area Monitoring,G Tank Cooling Tower (Cooling Tower),G Tank Cooling Tower,water_temperature,Water Temperature,°C,,,,,,,,,,
Utility Area,Utility Area Monitoring,G-TANK (Air Dryer),G-TANK,pressure,Pressure,bar,,,,,,,,,,
Utility Area,Utility Area Monitoring,G-TANK (Air Dryer),G-TANK,temperature,Temperature,°C,,,,,,,,,,
Utility Area,Utility Area Monitoring,G-Tank Air Receiver (Air Receiver),G-Tank Air Receiver,pressure,Pressure,bar,,,,,,,,,,
Utility Area,Utility Area Monitoring,G-Tank Air Receiver (Air Receiver),G-Tank Air Receiver,temperature,Temperature,°C,,,,,,,,,,
Utility Area,Utility Area Monitoring,G.Dry (Cooling Tower Pump),G.Dry,horizontal_vibration,Horizontal Vibration,mm/s,,,,,,,,,,
Utility Area,Utility Area Monitoring,G.Dry (Cooling Tower Pump),G.Dry,temperature,Temperature,°C,,,,,,,,,,
Utility Area,Utility Area Monitoring,G.Dry (Cooling Tower Pump),G.Dry,vertical_vibration,Vertical Vibration,mm/s,,,,,,,,,,
Utility Area,Utility Area Monitoring,G.PHE (Cooling Tower Pump),G.PHE,horizontal_vibration,Horizontal Vibration,mm/s,,,,,,,,,,
Utility Area,Utility Area Monitoring,G.PHE (Cooling Tower Pump),G.PHE,temperature,Temperature,°C,,,,,,,,,,
Utility Area,Utility Area Monitoring,G.PHE (Cooling Tower Pump),G.PHE,vertical_vibration,Vertical Vibration,mm/s,,,,,,,,,,
Utility Area,Utility Area Monitoring,HP (Air Dryer),HP,pressure,Pressure,bar,,,,,,,,,,
Utility Area,Utility Area Monitoring,HP (Air Dryer),HP,temperature,Temperature,°C,,,,,,,,,,
Utility Area,Utility Area Monitoring,HP (Cooling Tower Pump),HP,horizontal_vibration,Horizontal Vibration,mm/s,,,,,,,,,,
Utility Area,Utility Area Monitoring,HP (Cooling Tower Pump),HP,temperature,Temperature,°C,,,,,,,,,,
Utility Area,Utility Area Monitoring,HP (Cooling Tower Pump),HP,vertical_vibration,Vertical Vibration,mm/s,,,,,,,,,,
Utility Area,Utility Area Monitoring,K.E.PHE (Cooling Tower Pump),K.E.PHE,horizontal_vibration,Horizontal Vibration,mm/s,,,,,,,,,,
Utility Area,Utility Area Monitoring,K.E.PHE (Cooling Tower Pump),K.E.PHE,temperature,Temperature,°C,,,,,,,,,,
Utility Area,Utility Area Monitoring,K.E.PHE (Cooling Tower Pump),K.E.PHE,vertical_vibration,Vertical Vibration,mm/s,,,,,,,,,,
Utility Area,Utility Area Monitoring,Kaser-1 (Screw Compressor),Kaser-1,compressor_de_temperature,Compressor DE Temperature,°C,,,,,,,,,,
Utility Area,Utility Area Monitoring,Kaser-1 (Screw Compressor),Kaser-1,compressor_drive_end_axial_vibration,Compressor Drive End Axial Vibration,mm/s,,,,,,,,,,
Utility Area,Utility Area Monitoring,Kaser-1 (Screw Compressor),Kaser-1,compressor_drive_end_horizontal_vibration,Compressor Drive End Horizontal Vibration,mm/s,,,,,,,,,,
Utility Area,Utility Area Monitoring,Kaser-1 (Screw Compressor),Kaser-1,compressor_drive_end_vertical_vibration,Compressor Drive End Vertical Vibration,mm/s,,,,,,,,,,
Utility Area,Utility Area Monitoring,Kaser-1 (Screw Compressor),Kaser-1,compressor_nde_temperature,Compressor NDE Temperature,°C,,,,,,,,,,
Utility Area,Utility Area Monitoring,Kaser-1 (Screw Compressor),Kaser-1,compressor_non_drive_end_axial_vibration,Compressor Non Drive End Axial Vibration,mm/s,,,,,,,,,,
Utility Area,Utility Area Monitoring,Kaser-1 (Screw Compressor),Kaser-1,compressor_non_drive_end_horizontal_vibration,Compressor Non Drive End Horizontal Vibration,mm/s,,,,,,,,,,
Utility Area,Utility Area Monitoring,Kaser-1 (Screw Compressor),Kaser-1,compressor_non_drive_end_vertical_vibration,Compressor Non Drive End Vertical Vibration,mm/s,,,,,,,,,,
Utility Area,Utility Area Monitoring,Kaser-1 (Screw Compressor),Kaser-1,current,Current,A,,,,,,,,,,
Utility Area,Utility Area Monitoring,Kaser-1 (Screw Compressor),Kaser-1,motor_de_temperature,Motor DE Temperature,°C,,,,,,,,,,
Utility Area,Utility Area Monitoring,Kaser-1 (Screw Compressor),Kaser-1,motor_drive_end_axial_vibration,Motor Drive End Axial Vibration,mm/s,,,,,,,,,,
Utility Area,Utility Area Monitoring,Kaser-1 (Screw Compressor),Kaser-1,motor_drive_end_horizontal_vibration,Motor Drive End Horizontal Vibration,mm/s,,,,,,,,,,
Utility Area,Utility Area Monitoring,Kaser-1 (Screw Compressor),Kaser-1,motor_drive_end_vertical_vibration,Motor Drive End Vertical Vibration,mm/s,,,,,,,,,,
Utility Area,Utility Area Monitoring,Kaser-1 (Screw Compressor),Kaser-1,motor_nde_temperature,Motor NDE Temperature,°C,,,,,,,,,,
Utility Area,Utility Area Monitoring,Kaser-1 (Screw Compressor),Kaser-1,motor_non_drive_end_axial_vibration,Motor Non Drive End Axial Vibration,mm/s,,,,,,,,,,
Utility Area,Utility Area Monitoring,Kaser-1 (Screw Compressor),Kaser-1,motor_non_drive_end_horizontal_vibration,Motor Non Drive End Horizontal Vibration,mm/s,,,,,,,,,,
Utility Area,Utility Area Monitoring,Kaser-1 (Screw Compressor),Kaser-1,motor_non_drive_end_vertical_vibration,Motor Non Drive End Vertical Vibration,mm/s,,,,,,,,,,
Utility Area,Utility Area Monitoring,Kaser-2 (Screw Compressor),Kaser-2,compressor_de_temperature,Compressor DE Temperature,°C,,,,,,,,,,
Utility Area,Utility Area Monitoring,Kaser-2 (Screw Compressor),Kaser-2,compressor_drive_end_axial_vibration,Compressor Drive End Axial Vibration,mm/s,,,,,,,,,,
Utility Area,Utility Area Monitoring,Kaser-2 (Screw Compressor),Kaser-2,compressor_drive_end_horizontal_vibration,Compressor Drive End Horizontal Vibration,mm/s,,,,,,,,,,
Utility Area,Utility Area Monitoring,Kaser-2 (Screw Compressor),Kaser-2,compressor_drive_end_vertical_vibration,Compressor Drive End Vertical Vibration,mm/s,,,,,,,,,,
Utility Area,Utility Area Monitoring,Kaser-2 (Screw Compressor),Kaser-2,compressor_nde_temperature,Compressor NDE Temperature,°C,,,,,,,,,,
Utility Area,Utility Area Monitoring,Kaser-2 (Screw Compressor),Kaser-2,compressor_non_drive_end_axial_vibration,Compressor Non Drive End Axial Vibration,mm/s,,,,,,,,,,
Utility Area,Utility Area Monitoring,Kaser-2 (Screw Compressor),Kaser-2,compressor_non_drive_end_horizontal_vibration,Compressor Non Drive End Horizontal Vibration,mm/s,,,,,,,,,,
Utility Area,Utility Area Monitoring,Kaser-2 (Screw Compressor),Kaser-2,compressor_non_drive_end_vertical_vibration,Compressor Non Drive End Vertical Vibration,mm/s,,,,,,,,,,
Utility Area,Utility Area Monitoring,Kaser-2 (Screw Compressor),Kaser-2,current,Current,A,,,,,,,,,,
Utility Area,Utility Area Monitoring,Kaser-2 (Screw Compressor),Kaser-2,motor_de_temperature,Motor DE Temperature,°C,,,,,,,,,,
Utility Area,Utility Area Monitoring,Kaser-2 (Screw Compressor),Kaser-2,motor_drive_end_axial_vibration,Motor Drive End Axial Vibration,mm/s,,,,,,,,,,
Utility Area,Utility Area Monitoring,Kaser-2 (Screw Compressor),Kaser-2,motor_drive_end_horizontal_vibration,Motor Drive End Horizontal Vibration,mm/s,,,,,,,,,,
Utility Area,Utility Area Monitoring,Kaser-2 (Screw Compressor),Kaser-2,motor_drive_end_vertical_vibration,Motor Drive End Vertical Vibration,mm/s,,,,,,,,,,
Utility Area,Utility Area Monitoring,Kaser-2 (Screw Compressor),Kaser-2,motor_nde_temperature,Motor NDE Temperature,°C,,,,,,,,,,
Utility Area,Utility Area Monitoring,Kaser-2 (Screw Compressor),Kaser-2,motor_non_drive_end_axial_vibration,Motor Non Drive End Axial Vibration,mm/s,,,,,,,,,,
Utility Area,Utility Area Monitoring,Kaser-2 (Screw Compressor),Kaser-2,motor_non_drive_end_horizontal_vibration,Motor Non Drive End Horizontal Vibration,mm/s,,,,,,,,,,
Utility Area,Utility Area Monitoring,Kaser-2 (Screw Compressor),Kaser-2,motor_non_drive_end_vertical_vibration,Motor Non Drive End Vertical Vibration,mm/s,,,,,,,,,,
Utility Area,Utility Area Monitoring,LP (Air Dryer),LP,pressure,Pressure,bar,,,,,,,,,,
Utility Area,Utility Area Monitoring,LP (Air Dryer),LP,temperature,Temperature,°C,,,,,,,,,,
Utility Area,Utility Area Monitoring,LP (Cooling Tower Pump),LP,horizontal_vibration,Horizontal Vibration,mm/s,,,,,,,,,,
Utility Area,Utility Area Monitoring,LP (Cooling Tower Pump),LP,temperature,Temperature,°C,,,,,,,,,,
Utility Area,Utility Area Monitoring,LP (Cooling Tower Pump),LP,vertical_vibration,Vertical Vibration,mm/s,,,,,,,,,,
Utility Area,Utility Area Monitoring,PILOT (Air Dryer),PILOT,pressure,Pressure,bar,,,,,,,,,,
Utility Area,Utility Area Monitoring,PILOT (Air Dryer),PILOT,temperature,Temperature,°C,,,,,,,,,,
Utility Area,Utility Area Monitoring,Pilot Air (Screw Compressor),Pilot Air,compressor_de_temperature,Compressor DE Temperature,°C,,,,,,,,,,
Utility Area,Utility Area Monitoring,Pilot Air (Screw Compressor),Pilot Air,compressor_drive_end_axial_vibration,Compressor Drive End Axial Vibration,mm/s,,,,,,,,,,
Utility Area,Utility Area Monitoring,Pilot Air (Screw Compressor),Pilot Air,compressor_drive_end_horizontal_vibration,Compressor Drive End Horizontal Vibration,mm/s,,,,,,,,,,
Utility Area,Utility Area Monitoring,Pilot Air (Screw Compressor),Pilot Air,compressor_drive_end_vertical_vibration,Compressor Drive End Vertical Vibration,mm/s,,,,,,,,,,
Utility Area,Utility Area Monitoring,Pilot Air (Screw Compressor),Pilot Air,compressor_nde_temperature,Compressor NDE Temperature,°C,,,,,,,,,,
Utility Area,Utility Area Monitoring,Pilot Air (Screw Compressor),Pilot Air,compressor_non_drive_end_axial_vibration,Compressor Non Drive End Axial Vibration,mm/s,,,,,,,,,,
Utility Area,Utility Area Monitoring,Pilot Air (Screw Compressor),Pilot Air,compressor_non_drive_end_horizontal_vibration,Compressor Non Drive End Horizontal Vibration,mm/s,,,,,,,,,,
Utility Area,Utility Area Monitoring,Pilot Air (Screw Compressor),Pilot Air,compressor_non_drive_end_vertical_vibration,Compressor Non Drive End Vertical Vibration,mm/s,,,,,,,,,,
Utility Area,Utility Area Monitoring,Pilot Air (Screw Compressor),Pilot Air,current,Current,A,,,,,,,,,,
Utility Area,Utility Area Monitoring,Pilot Air (Screw Compressor),Pilot Air,motor_de_temperature,Motor DE Temperature,°C,,,,,,,,,,
Utility Area,Utility Area Monitoring,Pilot Air (Screw Compressor),Pilot Air,motor_drive_end_axial_vibration,Motor Drive End Axial Vibration,mm/s,,,,,,,,,,
Utility Area,Utility Area Monitoring,Pilot Air (Screw Compressor),Pilot Air,motor_drive_end_horizontal_vibration,Motor Drive End Horizontal Vibration,mm/s,,,,,,,,,,
Utility Area,Utility Area Monitoring,Pilot Air (Screw Compressor),Pilot Air,motor_drive_end_vertical_vibration,Motor Drive End Vertical Vibration,mm/s,,,,,,,,,,
Utility Area,Utility Area Monitoring,Pilot Air (Screw Compressor),Pilot Air,motor_nde_temperature,Motor NDE Temperature,°C,,,,,,,,,,
Utility Area,Utility Area Monitoring,Pilot Air (Screw Compressor),Pilot Air,motor_non_drive_end_axial_vibration,Motor Non Drive End Axial Vibration,mm/s,,,,,,,,,,
Utility Area,Utility Area Monitoring,Pilot Air (Screw Compressor),Pilot Air,motor_non_drive_end_horizontal_vibration,Motor Non Drive End Horizontal Vibration,mm/s,,,,,,,,,,
Utility Area,Utility Area Monitoring,Pilot Air (Screw Compressor),Pilot Air,motor_non_drive_end_vertical_vibration,Motor Non Drive End Vertical Vibration,mm/s,,,,,,,,,,
Utility Area,Utility Area Monitoring,Pilot Air Receiver (Air Receiver),Pilot Air Receiver,pressure,Pressure,bar,,,,,,,,,,
Utility Area,Utility Area Monitoring,Pilot Air Receiver (Air Receiver),Pilot Air Receiver,temperature,Temperature,°C,,,,,,,,,,
Utility Area,Utility Area Monitoring,Utility Area Receiver (Air Receiver),Utility Area Receiver,pressure,Pressure,bar,,,,,,,,,,
Utility Area,Utility Area Monitoring,Utility Area Receiver (Air Receiver),Utility Area Receiver,temperature,Temperature,°C,,,,,,,,,,
